/*
Navicat MySQL Data Transfer

Source Server         : localhost
Source Server Version : 50720
Source Host           : localhost:3306
Source Database       : jps

Target Server Type    : MYSQL
Target Server Version : 50720
File Encoding         : 65001

Date: 2019-01-12 18:39:07
*/

SET FOREIGN_KEY_CHECKS=0;

-- ----------------------------
-- Table structure for act_evt_log
-- ----------------------------
DROP TABLE IF EXISTS `act_evt_log`;
CREATE TABLE `act_evt_log` (
  `LOG_NR_` bigint(20) NOT NULL AUTO_INCREMENT,
  `TYPE_` varchar(64) COLLATE utf8_bin DEFAULT NULL,
  `PROC_DEF_ID_` varchar(64) COLLATE utf8_bin DEFAULT NULL,
  `PROC_INST_ID_` varchar(64) COLLATE utf8_bin DEFAULT NULL,
  `EXECUTION_ID_` varchar(64) COLLATE utf8_bin DEFAULT NULL,
  `TASK_ID_` varchar(64) COLLATE utf8_bin DEFAULT NULL,
  `TIME_STAMP_` timestamp(3) NOT NULL DEFAULT CURRENT_TIMESTAMP(3) ON UPDATE CURRENT_TIMESTAMP(3),
  `USER_ID_` varchar(255) COLLATE utf8_bin DEFAULT NULL,
  `DATA_` longblob,
  `LOCK_OWNER_` varchar(255) COLLATE utf8_bin DEFAULT NULL,
  `LOCK_TIME_` timestamp(3) NULL DEFAULT NULL,
  `IS_PROCESSED_` tinyint(4) DEFAULT '0',
  PRIMARY KEY (`LOG_NR_`)
) ENGINE=InnoDB DEFAULT CHARSET=utf8 COLLATE=utf8_bin;

-- ----------------------------
-- Records of act_evt_log
-- ----------------------------

-- ----------------------------
-- Table structure for act_ge_bytearray
-- ----------------------------
DROP TABLE IF EXISTS `act_ge_bytearray`;
CREATE TABLE `act_ge_bytearray` (
  `ID_` varchar(64) COLLATE utf8_bin NOT NULL,
  `REV_` int(11) DEFAULT NULL,
  `NAME_` varchar(255) COLLATE utf8_bin DEFAULT NULL,
  `DEPLOYMENT_ID_` varchar(64) COLLATE utf8_bin DEFAULT NULL,
  `BYTES_` longblob,
  `GENERATED_` tinyint(4) DEFAULT NULL,
  PRIMARY KEY (`ID_`),
  KEY `ACT_FK_BYTEARR_DEPL` (`DEPLOYMENT_ID_`),
  CONSTRAINT `ACT_FK_BYTEARR_DEPL` FOREIGN KEY (`DEPLOYMENT_ID_`) REFERENCES `act_re_deployment` (`ID_`)
) ENGINE=InnoDB DEFAULT CHARSET=utf8 COLLATE=utf8_bin;

-- ----------------------------
-- Records of act_ge_bytearray
-- ----------------------------
INSERT INTO `act_ge_bytearray` VALUES ('50002', '1', 'E:\\eclipse-workspace\\JPS_new_workspace\\.metadata\\.plugins\\org.eclipse.wst.server.core\\tmp0\\wtpwebapps\\jps\\WEB-INF\\classes\\activiti-bpmn\\leave.bpmn', '50001', 0x3C3F786D6C2076657273696F6E3D22312E302220656E636F64696E673D225554462D38223F3E0A3C646566696E6974696F6E7320786D6C6E733D22687474703A2F2F7777772E6F6D672E6F72672F737065632F42504D4E2F32303130303532342F4D4F44454C2220786D6C6E733A7873693D22687474703A2F2F7777772E77332E6F72672F323030312F584D4C536368656D612D696E7374616E63652220786D6C6E733A61637469766974693D22687474703A2F2F61637469766974692E6F72672F62706D6E2220786D6C6E733A62706D6E64693D22687474703A2F2F7777772E6F6D672E6F72672F737065632F42504D4E2F32303130303532342F44492220786D6C6E733A6F6D6764633D22687474703A2F2F7777772E6F6D672E6F72672F737065632F44442F32303130303532342F44432220786D6C6E733A6F6D6764693D22687474703A2F2F7777772E6F6D672E6F72672F737065632F44442F32303130303532342F44492220747970654C616E67756167653D22687474703A2F2F7777772E77332E6F72672F323030312F584D4C536368656D61222065787072657373696F6E4C616E67756167653D22687474703A2F2F7777772E77332E6F72672F313939392F585061746822207461726765744E616D6573706163653D22687474703A2F2F7777772E61637469766974692E6F72672F74657374223E0A20203C70726F636573732069643D226C6561766522206E616D653D22E4BA8BE581872220697345786563757461626C653D2274727565223E0A202020203C73746172744576656E742069643D2273746172746576656E743122206E616D653D22E5BC80E5A78B222061637469766974693A696E69746961746F723D227374617274557365724964223E0A2020202020203C657874656E73696F6E456C656D656E74733E0A20202020202020203C61637469766974693A666F726D50726F70657274792069643D2273746172744461746522206E616D653D22E8AFB7E58187E5BC80E5A78BE697A5E69C9F2220747970653D22646174652220646174655061747465726E3D22797979792D4D4D2D6464222072657175697265643D2274727565223E3C2F61637469766974693A666F726D50726F70657274793E0A20202020202020203C61637469766974693A666F726D50726F70657274792069643D22656E644461746522206E616D653D22E8AFB7E58187E7BB93E69D9FE697A5E69C9F2220747970653D22646174652220646174655061747465726E3D22797979792D4D4D2D6464222072657175697265643D2274727565223E3C2F61637469766974693A666F726D50726F70657274793E0A20202020202020203C61637469766974693A666F726D50726F70657274792069643D22726561736F6E22206E616D653D22E8AFB7E58187E58E9FE59BA02220747970653D22737472696E67222072657175697265643D2274727565223E3C2F61637469766974693A666F726D50726F70657274793E0A2020202020203C2F657874656E73696F6E456C656D656E74733E0A202020203C2F73746172744576656E743E0A202020203C757365725461736B2069643D226C6561646572417564697422206E616D653D22E983A8E997A8E9A286E5AFBCE5AEA1E689B9222061637469766974693A63616E64696461746555736572733D226A69616F70656E67223E0A2020202020203C657874656E73696F6E456C656D656E74733E0A20202020202020203C61637469766974693A666F726D50726F70657274792069643D2273746172744461746522206E616D653D22E8AFB7E58187E5BC80E5A78BE697A5E69C9F2220747970653D22646174652220646174655061747465726E3D22797979792D4D4D2D646422207265616461626C653D2266616C736522207772697461626C653D2266616C7365223E3C2F61637469766974693A666F726D50726F70657274793E0A20202020202020203C61637469766974693A666F726D50726F70657274792069643D22656E644461746522206E616D653D22E8AFB7E58187E7BB93E69D9FE697A5E69C9F2220747970653D22646174652220646174655061747465726E3D22797979792D4D4D2D646422207265616461626C653D2266616C736522207772697461626C653D2266616C7365223E3C2F61637469766974693A666F726D50726F70657274793E0A20202020202020203C61637469766974693A666F726D50726F70657274792069643D22726561736F6E22206E616D653D22E8AFB7E58187E58E9FE59BA02220747970653D22737472696E6722207265616461626C653D2266616C736522207772697461626C653D2266616C7365223E3C2F61637469766974693A666F726D50726F70657274793E0A20202020202020203C61637469766974693A666F726D50726F70657274792069643D226C6561646572417070726F766522206E616D653D22E5AEA1E689B9E6848FE8A7812220747970653D22656E756D222072657175697265643D2274727565223E0A202020202020202020203C61637469766974693A76616C75652069643D227472756522206E616D653D22E5908CE6848F223E3C2F61637469766974693A76616C75653E0A202020202020202020203C61637469766974693A76616C75652069643D2266616C736522206E616D653D22E68B92E7BB9D223E3C2F61637469766974693A76616C75653E0A20202020202020203C2F61637469766974693A666F726D50726F70657274793E0A2020202020203C2F657874656E73696F6E456C656D656E74733E0A202020203C2F757365725461736B3E0A202020203C73657175656E6365466C6F772069643D22666C6F77312220736F757263655265663D2273746172746576656E743122207461726765745265663D226C65616465724175646974223E3C2F73657175656E6365466C6F773E0A202020203C6578636C7573697665476174657761792069643D226578636C75736976656761746577617931223E3C2F6578636C7573697665476174657761793E0A202020203C73657175656E6365466C6F772069643D22666C6F77322220736F757263655265663D226C6561646572417564697422207461726765745265663D226578636C75736976656761746577617931223E3C2F73657175656E6365466C6F773E0A202020203C757365725461736B2069643D226872417564697422206E616D653D22E4BABAE4BA8BE5AEA1E689B9222061637469766974693A61737369676E65653D2270616E7869616F797565223E0A2020202020203C657874656E73696F6E456C656D656E74733E0A20202020202020203C61637469766974693A666F726D50726F70657274792069643D2273746172744461746522206E616D653D22E8AFB7E58187E5BC80E5A78BE697A5E69C9F2220747970653D22646174652220646174655061747465726E3D22797979792D4D4D2D646422207265616461626C653D2266616C736522207772697461626C653D2266616C7365223E3C2F61637469766974693A666F726D50726F70657274793E0A20202020202020203C61637469766974693A666F726D50726F70657274792069643D22656E644461746522206E616D653D22E8AFB7E58187E7BB93E69D9FE697A5E69C9F2220747970653D22646174652220646174655061747465726E3D22797979792D4D4D2D646422207265616461626C653D2266616C736522207772697461626C653D2266616C7365223E3C2F61637469766974693A666F726D50726F70657274793E0A20202020202020203C61637469766974693A666F726D50726F70657274792069643D22726561736F6E22206E616D653D22E8AFB7E58187E58E9FE59BA02220747970653D22737472696E6722207265616461626C653D2266616C736522207772697461626C653D2266616C7365223E3C2F61637469766974693A666F726D50726F70657274793E0A20202020202020203C61637469766974693A666F726D50726F70657274792069643D226872417070726F766522206E616D653D22E5AEA1E689B9E6848FE8A7812220747970653D22656E756D222072657175697265643D2274727565223E0A202020202020202020203C61637469766974693A76616C75652069643D227472756522206E616D653D22E5908CE6848F223E3C2F61637469766974693A76616C75653E0A202020202020202020203C61637469766974693A76616C75652069643D2266616C736522206E616D653D22E68B92E7BB9D223E3C2F61637469766974693A76616C75653E0A20202020202020203C2F61637469766974693A666F726D50726F70657274793E0A2020202020203C2F657874656E73696F6E456C656D656E74733E0A202020203C2F757365725461736B3E0A202020203C73657175656E6365466C6F772069643D22666C6F773322206E616D653D22E5908CE6848F2220736F757263655265663D226578636C7573697665676174657761793122207461726765745265663D2268724175646974223E0A2020202020203C636F6E646974696F6E45787072657373696F6E207873693A747970653D2274466F726D616C45787072657373696F6E223E3C215B43444154415B247B6C6561646572417070726F7665203D3D20747275657D5D5D3E3C2F636F6E646974696F6E45787072657373696F6E3E0A202020203C2F73657175656E6365466C6F773E0A202020203C757365725461736B2069643D226D6F646966794170706C7922206E616D653D22E8B083E695B4E794B3E8AFB7222061637469766974693A61737369676E65653D227374617274557365724964222061637469766974693A63616E64696461746555736572733D226A69616F70656E67223E0A2020202020203C657874656E73696F6E456C656D656E74733E0A20202020202020203C61637469766974693A666F726D50726F70657274792069643D2273746172744461746522206E616D653D22E8AFB7E58187E5BC80E5A78BE697A5E69C9F2220747970653D22646174652220646174655061747465726E3D22797979792D4D4D2D6464222072657175697265643D2274727565223E3C2F61637469766974693A666F726D50726F70657274793E0A20202020202020203C61637469766974693A666F726D50726F70657274792069643D22656E644461746522206E616D653D22E8AFB7E58187E7BB93E69D9FE697A5E69C9F2220747970653D22646174652220646174655061747465726E3D22797979792D4D4D2D6464222072657175697265643D2274727565223E3C2F61637469766974693A666F726D50726F70657274793E0A20202020202020203C61637469766974693A666F726D50726F70657274792069643D22726561736F6E22206E616D653D22E8AFB7E58187E58E9FE59BA02220747970653D22737472696E67222072657175697265643D2274727565223E3C2F61637469766974693A666F726D50726F70657274793E0A20202020202020203C61637469766974693A666F726D50726F70657274792069643D2272654170706C7922206E616D653D22E698AFE590A6E9878DE696B0E794B3E8AFB72220747970653D22656E756D222072657175697265643D2274727565223E0A202020202020202020203C61637469766974693A76616C75652069643D227472756522206E616D653D22E9878DE696B0E794B3E8AFB7223E3C2F61637469766974693A76616C75653E0A202020202020202020203C61637469766974693A76616C75652069643D2266616C736522206E616D653D22E58F96E6B688E794B3E8AFB7223E3C2F61637469766974693A76616C75653E0A20202020202020203C2F61637469766974693A666F726D50726F70657274793E0A2020202020203C2F657874656E73696F6E456C656D656E74733E0A202020203C2F757365725461736B3E0A202020203C73657175656E6365466C6F772069643D22666C6F773422206E616D653D22E68B92E7BB9D2220736F757263655265663D226578636C7573697665676174657761793122207461726765745265663D226D6F646966794170706C79223E0A2020202020203C636F6E646974696F6E45787072657373696F6E207873693A747970653D2274466F726D616C45787072657373696F6E223E3C215B43444154415B247B6C6561646572417070726F7665203D3D2066616C73657D5D5D3E3C2F636F6E646974696F6E45787072657373696F6E3E0A202020203C2F73657175656E6365466C6F773E0A202020203C6578636C7573697665476174657761792069643D226578636C75736976656761746577617932223E3C2F6578636C7573697665476174657761793E0A202020203C73657175656E6365466C6F772069643D22666C6F77352220736F757263655265663D226872417564697422207461726765745265663D226578636C75736976656761746577617932223E3C2F73657175656E6365466C6F773E0A202020203C757365725461736B2069643D227265706F72744261636B22206E616D653D22E69CACE4BABAE99480E58187222061637469766974693A61737369676E65653D227374617274557365724964222061637469766974693A63616E64696461746555736572733D226A69616F70656E67223E0A2020202020203C657874656E73696F6E456C656D656E74733E0A20202020202020203C61637469766974693A666F726D50726F70657274792069643D2273746172744461746522206E616D653D22E8AFB7E58187E5BC80E5A78BE697A5E69C9F2220747970653D22646174652220646174655061747465726E3D22797979792D4D4D2D646422207265616461626C653D2266616C736522207772697461626C653D2266616C7365223E3C2F61637469766974693A666F726D50726F70657274793E0A20202020202020203C61637469766974693A666F726D50726F70657274792069643D22656E644461746522206E616D653D22E8AFB7E58187E7BB93E69D9FE697A5E69C9F2220747970653D22646174652220646174655061747465726E3D22797979792D4D4D2D646422207265616461626C653D2266616C736522207772697461626C653D2266616C7365223E3C2F61637469766974693A666F726D50726F70657274793E0A20202020202020203C61637469766974693A666F726D50726F70657274792069643D22726561736F6E22206E616D653D22E8AFB7E58187E58E9FE59BA02220747970653D22737472696E6722207265616461626C653D2266616C736522207772697461626C653D2266616C7365223E3C2F61637469766974693A666F726D50726F70657274793E0A20202020202020203C61637469766974693A666F726D50726F70657274792069643D227265706F72744261636B4461746522206E616D653D22E99480E58187E697A5E69C9F2220747970653D22646174652220646174655061747465726E3D22797979792D4D4D2D6464222072657175697265643D2274727565223E3C2F61637469766974693A666F726D50726F70657274793E0A2020202020203C2F657874656E73696F6E456C656D656E74733E0A202020203C2F757365725461736B3E0A202020203C73657175656E6365466C6F772069643D22666C6F773622206E616D653D22E5908CE6848F2220736F757263655265663D226578636C7573697665676174657761793222207461726765745265663D227265706F72744261636B223E0A2020202020203C636F6E646974696F6E45787072657373696F6E207873693A747970653D2274466F726D616C45787072657373696F6E223E3C215B43444154415B247B6872417070726F7665203D3D20747275657D5D5D3E3C2F636F6E646974696F6E45787072657373696F6E3E0A202020203C2F73657175656E6365466C6F773E0A202020203C73657175656E6365466C6F772069643D22666C6F773722206E616D653D22E68B92E7BB9D2220736F757263655265663D226578636C7573697665676174657761793222207461726765745265663D226D6F646966794170706C79223E0A2020202020203C636F6E646974696F6E45787072657373696F6E207873693A747970653D2274466F726D616C45787072657373696F6E223E3C215B43444154415B247B6872417070726F7665203D3D2066616C73657D5D5D3E3C2F636F6E646974696F6E45787072657373696F6E3E0A202020203C2F73657175656E6365466C6F773E0A202020203C6578636C7573697665476174657761792069643D226578636C75736976656761746577617933223E3C2F6578636C7573697665476174657761793E0A202020203C73657175656E6365466C6F772069643D22666C6F77382220736F757263655265663D226D6F646966794170706C7922207461726765745265663D226578636C75736976656761746577617933223E3C2F73657175656E6365466C6F773E0A202020203C73657175656E6365466C6F772069643D22666C6F773922206E616D653D22E9878DE696B0E794B3E8AFB72220736F757263655265663D226578636C7573697665676174657761793322207461726765745265663D226C65616465724175646974223E0A2020202020203C636F6E646974696F6E45787072657373696F6E207873693A747970653D2274466F726D616C45787072657373696F6E223E3C215B43444154415B247B72654170706C79203D3D20747275657D5D5D3E3C2F636F6E646974696F6E45787072657373696F6E3E0A202020203C2F73657175656E6365466C6F773E0A202020203C656E644576656E742069643D22656E646576656E743122206E616D653D22E7BB93E69D9F223E3C2F656E644576656E743E0A202020203C73657175656E6365466C6F772069643D22666C6F77313022206E616D653D22E99480E581872220736F757263655265663D227265706F72744261636B22207461726765745265663D22656E646576656E7431223E0A2020202020203C657874656E73696F6E456C656D656E74733E0A20202020202020203C61637469766974693A657865637574696F6E4C697374656E6572206576656E743D2274616B65222065787072657373696F6E3D22247B657865637574696F6E2E7365745661726961626C652827726573756C74272C276F6B27297D223E3C2F61637469766974693A657865637574696F6E4C697374656E65723E0A2020202020203C2F657874656E73696F6E456C656D656E74733E0A202020203C2F73657175656E6365466C6F773E0A202020203C73657175656E6365466C6F772069643D22666C6F77313122206E616D653D22E7BB93E69D9FE6B581E7A88B2220736F757263655265663D226578636C7573697665676174657761793322207461726765745265663D22656E646576656E7431223E0A2020202020203C657874656E73696F6E456C656D656E74733E0A20202020202020203C61637469766974693A657865637574696F6E4C697374656E6572206576656E743D2274616B65222065787072657373696F6E3D22247B657865637574696F6E2E7365745661726961626C652827726573756C74272C2763616E63656C656427297D223E3C2F61637469766974693A657865637574696F6E4C697374656E65723E0A2020202020203C2F657874656E73696F6E456C656D656E74733E0A2020202020203C636F6E646974696F6E45787072657373696F6E207873693A747970653D2274466F726D616C45787072657373696F6E223E3C215B43444154415B247B72654170706C79203D3D2066616C73657D5D5D3E3C2F636F6E646974696F6E45787072657373696F6E3E0A202020203C2F73657175656E6365466C6F773E0A20203C2F70726F636573733E0A20203C62706D6E64693A42504D4E4469616772616D2069643D2242504D4E4469616772616D5F6C65617665223E0A202020203C62706D6E64693A42504D4E506C616E652062706D6E456C656D656E743D226C65617665222069643D2242504D4E506C616E655F6C65617665223E0A2020202020203C62706D6E64693A42504D4E53686170652062706D6E456C656D656E743D2273746172746576656E7431222069643D2242504D4E53686170655F73746172746576656E7431223E0A20202020202020203C6F6D6764633A426F756E6473206865696768743D2233352E30222077696474683D2233352E302220783D2233302E302220793D2235302E30223E3C2F6F6D6764633A426F756E64733E0A2020202020203C2F62706D6E64693A42504D4E53686170653E0A2020202020203C62706D6E64693A42504D4E53686170652062706D6E456C656D656E743D226C65616465724175646974222069643D2242504D4E53686170655F6C65616465724175646974223E0A20202020202020203C6F6D6764633A426F756E6473206865696768743D2235352E30222077696474683D223130352E302220783D223131302E302220793D2234302E30223E3C2F6F6D6764633A426F756E64733E0A2020202020203C2F62706D6E64693A42504D4E53686170653E0A2020202020203C62706D6E64693A42504D4E53686170652062706D6E456C656D656E743D226578636C75736976656761746577617931222069643D2242504D4E53686170655F6578636C75736976656761746577617931223E0A20202020202020203C6F6D6764633A426F756E6473206865696768743D2234302E30222077696474683D2234302E302220783D223236302E302220793D2234382E30223E3C2F6F6D6764633A426F756E64733E0A2020202020203C2F62706D6E64693A42504D4E53686170653E0A2020202020203C62706D6E64693A42504D4E53686170652062706D6E456C656D656E743D2268724175646974222069643D2242504D4E53686170655F68724175646974223E0A20202020202020203C6F6D6764633A426F756E6473206865696768743D2235352E30222077696474683D223130352E302220783D223338302E302220793D2234302E30223E3C2F6F6D6764633A426F756E64733E0A2020202020203C2F62706D6E64693A42504D4E53686170653E0A2020202020203C62706D6E64693A42504D4E53686170652062706D6E456C656D656E743D226D6F646966794170706C79222069643D2242504D4E53686170655F6D6F646966794170706C79223E0A20202020202020203C6F6D6764633A426F756E6473206865696768743D2235352E30222077696474683D223130352E302220783D223232382E302220793D223135302E30223E3C2F6F6D6764633A426F756E64733E0A2020202020203C2F62706D6E64693A42504D4E53686170653E0A2020202020203C62706D6E64693A42504D4E53686170652062706D6E456C656D656E743D226578636C75736976656761746577617932222069643D2242504D4E53686170655F6578636C75736976656761746577617932223E0A20202020202020203C6F6D6764633A426F756E6473206865696768743D2234302E30222077696474683D2234302E302220783D223533302E302220793D2234382E30223E3C2F6F6D6764633A426F756E64733E0A2020202020203C2F62706D6E64693A42504D4E53686170653E0A2020202020203C62706D6E64693A42504D4E53686170652062706D6E456C656D656E743D227265706F72744261636B222069643D2242504D4E53686170655F7265706F72744261636B223E0A20202020202020203C6F6D6764633A426F756E6473206865696768743D2235352E30222077696474683D223130352E302220783D223633342E302220793D2234302E30223E3C2F6F6D6764633A426F756E64733E0A2020202020203C2F62706D6E64693A42504D4E53686170653E0A2020202020203C62706D6E64693A42504D4E53686170652062706D6E456C656D656E743D226578636C75736976656761746577617933222069643D2242504D4E53686170655F6578636C75736976656761746577617933223E0A20202020202020203C6F6D6764633A426F756E6473206865696768743D2234302E30222077696474683D2234302E302220783D223236302E302220793D223236302E30223E3C2F6F6D6764633A426F756E64733E0A2020202020203C2F62706D6E64693A42504D4E53686170653E0A2020202020203C62706D6E64693A42504D4E53686170652062706D6E456C656D656E743D22656E646576656E7431222069643D2242504D4E53686170655F656E646576656E7431223E0A20202020202020203C6F6D6764633A426F756E6473206865696768743D2233352E30222077696474683D2233352E302220783D223636392E302220793D223236322E30223E3C2F6F6D6764633A426F756E64733E0A2020202020203C2F62706D6E64693A42504D4E53686170653E0A2020202020203C62706D6E64693A42504D4E456467652062706D6E456C656D656E743D22666C6F7731222069643D2242504D4E456467655F666C6F7731223E0A20202020202020203C6F6D6764693A776179706F696E7420783D2236352E302220793D2236372E30223E3C2F6F6D6764693A776179706F696E743E0A20202020202020203C6F6D6764693A776179706F696E7420783D223131302E302220793D2236372E30223E3C2F6F6D6764693A776179706F696E743E0A2020202020203C2F62706D6E64693A42504D4E456467653E0A2020202020203C62706D6E64693A42504D4E456467652062706D6E456C656D656E743D22666C6F7732222069643D2242504D4E456467655F666C6F7732223E0A20202020202020203C6F6D6764693A776179706F696E7420783D223231352E302220793D2236372E30223E3C2F6F6D6764693A776179706F696E743E0A20202020202020203C6F6D6764693A776179706F696E7420783D223236302E302220793D2236382E30223E3C2F6F6D6764693A776179706F696E743E0A2020202020203C2F62706D6E64693A42504D4E456467653E0A2020202020203C62706D6E64693A42504D4E456467652062706D6E456C656D656E743D22666C6F7733222069643D2242504D4E456467655F666C6F7733223E0A20202020202020203C6F6D6764693A776179706F696E7420783D223330302E302220793D2236382E30223E3C2F6F6D6764693A776179706F696E743E0A20202020202020203C6F6D6764693A776179706F696E7420783D223338302E302220793D2236372E30223E3C2F6F6D6764693A776179706F696E743E0A20202020202020203C62706D6E64693A42504D4E4C6162656C3E0A202020202020202020203C6F6D6764633A426F756E6473206865696768743D2231342E30222077696474683D2232342E302220783D223331392E302220793D2235312E30223E3C2F6F6D6764633A426F756E64733E0A20202020202020203C2F62706D6E64693A42504D4E4C6162656C3E0A2020202020203C2F62706D6E64693A42504D4E456467653E0A2020202020203C62706D6E64693A42504D4E456467652062706D6E456C656D656E743D22666C6F7734222069643D2242504D4E456467655F666C6F7734223E0A20202020202020203C6F6D6764693A776179706F696E7420783D223238302E302220793D2238382E30223E3C2F6F6D6764693A776179706F696E743E0A20202020202020203C6F6D6764693A776179706F696E7420783D223238302E302220793D223135302E30223E3C2F6F6D6764693A776179706F696E743E0A20202020202020203C62706D6E64693A42504D4E4C6162656C3E0A202020202020202020203C6F6D6764633A426F756E6473206865696768743D2231342E30222077696474683D2232342E302220783D223238392E302220793D223130392E30223E3C2F6F6D6764633A426F756E64733E0A20202020202020203C2F62706D6E64693A42504D4E4C6162656C3E0A2020202020203C2F62706D6E64693A42504D4E456467653E0A2020202020203C62706D6E64693A42504D4E456467652062706D6E456C656D656E743D22666C6F7735222069643D2242504D4E456467655F666C6F7735223E0A20202020202020203C6F6D6764693A776179706F696E7420783D223438352E302220793D2236372E30223E3C2F6F6D6764693A776179706F696E743E0A20202020202020203C6F6D6764693A776179706F696E7420783D223533302E302220793D2236382E30223E3C2F6F6D6764693A776179706F696E743E0A2020202020203C2F62706D6E64693A42504D4E456467653E0A2020202020203C62706D6E64693A42504D4E456467652062706D6E456C656D656E743D22666C6F7736222069643D2242504D4E456467655F666C6F7736223E0A20202020202020203C6F6D6764693A776179706F696E7420783D223537302E302220793D2236382E30223E3C2F6F6D6764693A776179706F696E743E0A20202020202020203C6F6D6764693A776179706F696E7420783D223633342E302220793D2236372E30223E3C2F6F6D6764693A776179706F696E743E0A20202020202020203C62706D6E64693A42504D4E4C6162656C3E0A202020202020202020203C6F6D6764633A426F756E6473206865696768743D2231342E30222077696474683D2232342E302220783D223537392E302220793D2235312E30223E3C2F6F6D6764633A426F756E64733E0A20202020202020203C2F62706D6E64693A42504D4E4C6162656C3E0A2020202020203C2F62706D6E64693A42504D4E456467653E0A2020202020203C62706D6E64693A42504D4E456467652062706D6E456C656D656E743D22666C6F7737222069643D2242504D4E456467655F666C6F7737223E0A20202020202020203C6F6D6764693A776179706F696E7420783D223535302E302220793D2238382E30223E3C2F6F6D6764693A776179706F696E743E0A20202020202020203C6F6D6764693A776179706F696E7420783D223534392E302220793D223137372E30223E3C2F6F6D6764693A776179706F696E743E0A20202020202020203C6F6D6764693A776179706F696E7420783D223333332E302220793D223137372E30223E3C2F6F6D6764693A776179706F696E743E0A20202020202020203C62706D6E64693A42504D4E4C6162656C3E0A202020202020202020203C6F6D6764633A426F756E6473206865696768743D2231342E30222077696474683D2232342E302220783D223536312E302220793D223130392E30223E3C2F6F6D6764633A426F756E64733E0A20202020202020203C2F62706D6E64693A42504D4E4C6162656C3E0A2020202020203C2F62706D6E64693A42504D4E456467653E0A2020202020203C62706D6E64693A42504D4E456467652062706D6E456C656D656E743D22666C6F7738222069643D2242504D4E456467655F666C6F7738223E0A20202020202020203C6F6D6764693A776179706F696E7420783D223238302E302220793D223230352E30223E3C2F6F6D6764693A776179706F696E743E0A20202020202020203C6F6D6764693A776179706F696E7420783D223238302E302220793D223236302E30223E3C2F6F6D6764693A776179706F696E743E0A2020202020203C2F62706D6E64693A42504D4E456467653E0A2020202020203C62706D6E64693A42504D4E456467652062706D6E456C656D656E743D22666C6F7739222069643D2242504D4E456467655F666C6F7739223E0A20202020202020203C6F6D6764693A776179706F696E7420783D223236302E302220793D223238302E30223E3C2F6F6D6764693A776179706F696E743E0A20202020202020203C6F6D6764693A776179706F696E7420783D223136322E302220793D223237392E30223E3C2F6F6D6764693A776179706F696E743E0A20202020202020203C6F6D6764693A776179706F696E7420783D223136322E302220793D2239352E30223E3C2F6F6D6764693A776179706F696E743E0A20202020202020203C62706D6E64693A42504D4E4C6162656C3E0A202020202020202020203C6F6D6764633A426F756E6473206865696768743D2231342E30222077696474683D2234382E302220783D223130312E302220793D223234382E30223E3C2F6F6D6764633A426F756E64733E0A20202020202020203C2F62706D6E64693A42504D4E4C6162656C3E0A2020202020203C2F62706D6E64693A42504D4E456467653E0A2020202020203C62706D6E64693A42504D4E456467652062706D6E456C656D656E743D22666C6F773130222069643D2242504D4E456467655F666C6F773130223E0A20202020202020203C6F6D6764693A776179706F696E7420783D223638362E302220793D2239352E30223E3C2F6F6D6764693A776179706F696E743E0A20202020202020203C6F6D6764693A776179706F696E7420783D223638362E302220793D223236322E30223E3C2F6F6D6764693A776179706F696E743E0A20202020202020203C62706D6E64693A42504D4E4C6162656C3E0A202020202020202020203C6F6D6764633A426F756E6473206865696768743D2231342E30222077696474683D2232342E302220783D223639302E302220793D223137302E30223E3C2F6F6D6764633A426F756E64733E0A20202020202020203C2F62706D6E64693A42504D4E4C6162656C3E0A2020202020203C2F62706D6E64693A42504D4E456467653E0A2020202020203C62706D6E64693A42504D4E456467652062706D6E456C656D656E743D22666C6F773131222069643D2242504D4E456467655F666C6F773131223E0A20202020202020203C6F6D6764693A776179706F696E7420783D223330302E302220793D223238302E30223E3C2F6F6D6764693A776179706F696E743E0A20202020202020203C6F6D6764693A776179706F696E7420783D223636392E302220793D223237392E30223E3C2F6F6D6764693A776179706F696E743E0A20202020202020203C62706D6E64693A42504D4E4C6162656C3E0A202020202020202020203C6F6D6764633A426F756E6473206865696768743D2231342E30222077696474683D2234382E302220783D223431382E302220793D223236332E30223E3C2F6F6D6764633A426F756E64733E0A20202020202020203C2F62706D6E64693A42504D4E4C6162656C3E0A2020202020203C2F62706D6E64693A42504D4E456467653E0A202020203C2F62706D6E64693A42504D4E506C616E653E0A20203C2F62706D6E64693A42504D4E4469616772616D3E0A3C2F646566696E6974696F6E733E, '0');
INSERT INTO `act_ge_bytearray` VALUES ('50003', '1', 'E:\\eclipse-workspace\\JPS_new_workspace\\.metadata\\.plugins\\org.eclipse.wst.server.core\\tmp0\\wtpwebapps\\jps\\WEB-INF\\classes\\activiti-bpmn\\leave.leave.png', '50001', 0x89504E470D0A1A0A0000000D49484452000002ED000001360806000000D5AFAC16000034A74944415478DAEDDD0D7854D5BDEFF1D452ABD5FA72ABD772AC0FD5EBF172BD5EAFC76295C752A3D797A8D452340C93108855538C4026518A1473338A1C29724C662641697DA5560EA28052C1CACCDE422E850A5A8AA02807153182A4D417E4A080DD77FD77660D3B93992493CC247B66BE9FE759CF4CE62581BDE7BFD66FAF59B3A7A000000000000000000000000000000000000000000000000000000000000000000000000000000000000000000000000000000000000000000000000000000000000000000000000000000000000000000000000000000000000000000000000000000000000000000000000000000000000000000000000000000000000000000000000000000000000000000000000000000000000000000000000000000000000000000000000000000000000000C820CBB206BCF3CE3B0BD7AE5DFB552412B156AC584173410B87C3D6AA55ABFEA6DA185EA5A0DFA0D16F80BAA751F7794E0AB0B9B9D9DABD7BB7F5E5975FD25CD45A5B5BAD952B577EAA0AF2065EA9A0DFA0D16F80BAA751F7794C8E9829405717E297EA48FA4D5EA9A0DFA0D16F80BAA751F7794CDEE2E2C5EEEEA68AF020AF54D06FD0E83740DDD3A8FB3C26EBA178A1BBBE082D5EA9A0DFA0D16F80BAA751F7146197EDF34F765AEFAC7BCCDA1CBEC76E725D6EA3482842D06FD06FD06F80BAA7EEA97BB8A008F77EDC626DFA63ADF5D71726B76B729BDC47A15084A0DFA0DFA0DF00754FDD53F7E8E722DCB1F9F90E05A8DB079B97522814615F38814D40BF41A3DFA0DFA0EE69D43D45D8497BD3FC75D22294FB28148A30C38A54B3A297A0DFA0D16FD06F50F734EA9E224CD436ADF0272D42B98F42A10833E872D53E56AD3E7A399CAAA5DFA0D16FD06F50F7B41CAF7BBFDF7F425353D3BDD3A74F5F5F5B5BDB5A595979A0B4B4D41A3D7AB4DD2A2A2A0EFDF297BFFCF89E7BEED93067CE9CB977DD75D77FA30829428AB0DF07DEE18E99B3560660FA0D1AFD06FD06754FCBD1BA9F3163C6557575757F193366CC3F5458B7962C59626DDCB8D1FE56AF43870E59DA9E3D7BAC2D5BB6582FBEF8A2357BF66C4B1EAF42FC0EF59C8AC2C2C201F95A84F2E9EF644528F7512814611F0CBC5DDD0EFA0D1AFD06FD06754FDD672B9FCFF7FDA953A76EB8F9E69BFFB170E1423B94A7E2C08103D6EAD5ABADBBEEBAEB1F959595BB6EB9E596EBF2B108B7AE6E4C5A84721F854211A659511703ACBEDF556B55AB83E6E55521E33AB98C6FBE8031B5BA3E7C867E6C4D207CA97D7BC81CE10B1A8DF67383E694CA26F358FA0D1AFD46F6F71BB9D81F50F7D47DC6D4D6D64EB8E9A69B0E3EF1C413D6BE7DFBACDE5AB76E9DA542FB81F1E3C72F292E2E3E36577AB9EE14E19E968DD6A697EA3ABED5A56E93FB28148A3003036F5703ABEB66CE7C814899AFDE3CAFDDE01C344B65409681B8E3A01EB97252C0F881DF6F0EA80A1A33E83768F41BB9D36FE4627F40DD53F71971E79D77CEBDEDB6DB0EBDFAEAAB563A7DF6D967565353D381F2F2F20F5570FF6EBE847669EFAE9FD7A108E5368A8422CCC05BDB45197A7C6607E99011944BBFDF7F448201FC0EB9AC6A089FA207709985B367D602C6D4AA467378DBEC5A64B60CDAF41B34FA8DECEE3772B13FA0EEA9FB8C04F60913267C25EBD533E5A9A79EFA6ACC98319FAAE07E665E84F62FBEB0B6FEE9C18E6F75A9DBE43E0A85224CE3C03BBC07CFDBEB86E02E6F67DB0372D018E91C88A3B735EA01DC9E498B0ECAB116308B6E0F9983E93768F41BB9D16FE4627F40DD53F769254B6264863D93815D7BEEB9E7BE50C1BD25DB67DCBB2A42F906B3B7578792AE5193FBF896338AB09F06DE3E7FCBBBD399353510CB20AC67D1AA1F889CEA0B46BC329B266F8BC7DE066F32CF5403F3F4766F9B87CCBA9AC6F059F41B34FA8DDCE83772B13FA0EEA9FBF41588CFF77D59C3BE61C306ABAFFCFEF7BFFFB0A4A4E4F96C3EB34CD2225447C43BB71AD6EB2FFE2A6901EA268F91C77214CDE0DB0345691A388B0AFA31B84F0C2E3BAE3A14192F6B52AB83C6DD6D03AF51AB06E80BE42D6F75DB258EC17C6475C8A86CBFD6D578847E8346BF911BFD46AEF607D43D759F3677DE79E7EBF2A1D3BE565555F5A1C7E399904BA1BDABA3658EA229C2340FBCE97A8BBADF66DC6B02C635D27C8DE1A132A3660FC621E3E2B69936A3C6EF7FFA48FD5819C86F6F8C0C9A180C9FAD67DCAA1A8C0B65A0A7DFA0D16F647FBF91ABFD01754FDDA7859C875D4EEB988EB3C4A4AAA5A5E5504949C9DFBD5EEF49B912DABB73B4DCD9513485C3E09BC240A907DEAFA9362E7A998AF8E7F5CB87537DC1882FD9E9D9F407D2ECB7C24391F1F2385F20D2D03623A706EAFA5503EDFB0291DF65C38750E937E837E837F2B33FA0EEA9FBB4902F4E5AB46891D55F66CE9CB95985F6FB7225B4F7B40075A370187C539CD9928153DE0EB6A2975F4B61E04DF4BC3E0FEE894ED13631B8EA643540CFAD0A9937E9B7CCEDD9B6C7CCA3E4ED6FFB9470D282C69C5BE7349F288D7E8346BF91FDFD46AEF607D43D75DF6B7EBFFF04F9E6D254BF3829CDB3EDBB5568FF5B36AE6DEFEE299C68146106DF8A1E171D40AD140660E7C0ABDBD8046FA1F30D88F41BF41BF41BF41BD43D75EF060F3EF8E07DB5B5B5567FBBF5D65BDF52C1FD4714218DC137A9640362A281B4B30138D1E31F4EF078BEBA9C7E837E837E837E83BAA7EEDD62FAF4E9EB972E5DDAEFA1BDA1A161B59B96C8A87FCB8AEE1C4450841461265E579D0CBC45290CA88906E0EE0EBC05E97ECB3B1FD06FD06FD06FE45FBF41DD53F77DA6B6B6B675E3C68DFD1EDAD7AE5DBB61F4E8D1A65BB68BFAB758D2A4183D1ECF45142145D897AFAB1E0E805D0DC0A90EBCCEBFDFCACC19FD06FD06FD06FD06754FDDF7A3CACACA037DF1654A5DD9B56BD74EF5A2DFE9B62274B4E5898EA429428A3013AFAB5EBCD59C6C003EA287036F576FB1837E837E837E23AFFB0DEA9EBAEF33A5A5A5D6A143872C379017BB8B8B307624ED2C468A9022CCC4EBAA87036F6703F05BBD18787BFBEFC9E7D04EBF41BF41BF91E3FD06754FDDF7E98BCD2DB221B43B8FA4E56D308A9022CCC4EB2A0D33548906E0DE0CBCA9BEE54E68A7DFA0DFA0DFC88B7E83BAA7EEF376A63DDB5ABA8B503AC759B366B57B0195949458CF3DF79CF5ED6F7FDBDAB46953ECBE0F3FFCD07EBCDCB675EB56EBDA6BAFB59B3CF6B4D34EB37EF39BDFB4FBDD5BB66CB11F2FCF5BB3668D356AD428BB8D1D3BD67E8EDCE77CCE2BAFBC62FDEC673F8B3D26D9E392FD3F66CF9EDDE563EEB8E30EFBFA82050BACFDFBF7C76E7FF2C927D3B64DB3ED353572E4483D48D6F7B2BC8F483053F656F4F6DEA8CFC65ACDE57EA337FD8DF42FDD7DBCD4FF59679D95D2EF774B3F40BF41BF41DDB7B5850B175A279D74525AFB8944B940EA59F717923B9CF7AD5EBDDA3AF3CC33ADC2C242BB5F39F7DC7363B9447E3EE6986308ED89B8654D7B6B6BEB872E5FD3AEDB3A75C43C5C9F533E5D45B872E54AFB853A7DFA74FBC52F2F7679314BD32F76E7202601DC344DEBC20B2FB4AEBFFE7A4BBECD560F76D2E4057FD55557B5FB1BDFF8C637ACE38F3F5E3E3F107BEC0B2FBC60FF5E797EFCBFE9E4934FB62EBBECB284C5193F98EA7FBF0EF603070EB4860D1B665F97F6ECB3CF5AA79F7E7A87DFF3F0C30FC7AECF9B372F765DFEFF793663D6EE7555D0FBAF1AEF6CC62C952F5261A6DDC5FD463A427BA21A97267D84F42FD29C752D4DD7F5A38F3E6AFF8E0F3EF8C0F5FD00FD06FD0675DF314CF7B69F880FED7279C51557D8F5F3D4534FD9070832B128B7472291768F5FBF7EBD7DB96DDB36FB521EBB77EFDED8FD8B172F26B4C79B366DDADF366FDEEC96B3C734BBB808E33BC7B4AE519317AA1C79EA9F972F5F1E7BE1CA2CBADCA76F73CEB2BFF4D24B097F5F7C6897DF2F8F7FE38D37EC4B193C65A09410AF0EDC6233E8CEF02E83E789279E68D5D4D474986997DFA307EA4403ACFC2C0720CE0386A953A7DAD7DF7DF7DDD8EFF9F18F7F6CFF1DB92E0722FAB9724623B90C0402B93EF8267C5D3906BABD195A9BDA93019835ED2EEB37D211DAE5E03CD9FDD21F48FF237D497C68970176F0E0C11D7E9F5BFB01FA0DFA8D7CAD7B999C738EE1528332D3AEF29FFDF3E38F3F6EEFDFD6D6D61EF5133243DEDCDCDCAEDF90E748FF20FDC4D1471F6D7DFAE9A71D7EA7CE234D4D4DB17ABFFAEAABDBE50C427B1C394FFBB265CB5C719E76F542BFDF8545B8C6EBF58E48F66DADE92C4279914A51C96026D7B76FDF1E0BED72B963C78ED86365B65C6E4BF6F7E343BB3C76D2A449F6EF92DFFB8B5FFCC2BE4D0A490A24D191EDA04183ECC134FE77CB01C4C71F7FDC6E864D0E0AE4285ACFA8C97D3FFFF9CFEDEBB2C446FE5F89FEBFCE19B6534E39C53E0891EB321B27B376393CF876FABAEAC50C55B2D3B3253A0B442A0330678F7169BFD1D32633E9F23AF8E637BFD9E55BE9B2342F3EB4CBA02FB51D3FF9E0D67E807E837E235FEBDE3919A77385F300B9B7FD84DC2FB3EA321928415D2E65D65D0E0EA4BF9077E69DCF979F9D1947C2BA6413F95B7A1580731293D0EEA08E7066CF9831A3DF43FB84091336A9177CA18B8AB0B3998CB416A1CC9ACBA076CE39E758A150C80EDCF2A297D02C0520F7CB40282F70FD9C3D7BF6747BA65D0A53D6A7EBE292B7B4E367B2366CD8D021B4CBDF94DB860E1D6ABFDDF5D0430F59E79F7FBE7D2947CE723DBE706580D7D7F5C180BC432033FA890A5D0E0AF45B6472B4AE6F97ED90A3836FB75E573D9CA9EAEA7CCA5FEBE1003CA480F3B4BBAEDFE86D937A93D780BC9BE65C5A17DFE4F331D2E243BBAC418D0FED6EEE07E837E837A8FBC3B3E6129CE5C03B7EAD79AAFD84E40B3DD1E85C2120CBEAF4C1BBBCFB26B7C9E3E4C05E3284FCAC738CCCB4CB418F7E47407F868FD09EC0E4C993BF3B6EDCB87FC891583F9EA37DB73A3AFDBCBCBCFCA86C2BD67415A1BC7825A0EBB7A1E56DE4F82530CEA24825B44B93A358F9BDE79D779E1DC07548771EE9EAD02EAF0509EAD274D13997C6C85BD53298C6CFFECBCF175F7C7187193619E47FFAD39FC61E277F4B3E7856E0F8E04AFC409FAB6BDA7BA1AB19ABEE7E014AAA03B07EAB7D0491DC7DFD463AD6B3CB6763E47A7766E924A84BD31F4A95E7C50FE46EED07E837E837F2BDEE0BA2EBCAA5C6A48E758E78E081077ADC4FE84947FD8E595D5D5D87A52DFAEFC8FF5FD6AFEBDFABD7BA3B6B5E96E8E8BFD5D964425ED7FD942953FEE3E5975FEEB7D0DED8D8B85E1DA5FE369F8B5096A9C407741DA4F5873E9DD7530DEDCE0FAA16383E00A28BC6B9D6DD39503B0B4AFF9C6C7D6977076B59DAA33F78E25C9AE32C5CFD7F77AE9BCFF3C1B7B399B354BFB1B0BB03B0FE7B0CBC393678EBB7BC9DEFBACD9C39B3DD6364564CD6974A4BF441D4DADA5ACBE7F3C5FA11B7F703F41BF41BF95AF7922FE45D2EF9F0A9734DBB5C97CFB4E9D977A9F954FB09E71A767D90DDD94CBBB39FD0F94366DAA57F904944FD0EBF4C2C72B09EC49D77DEE9BDE38E3BBEEA8F533FAA9D7DB0A4A4E4EFA5A5A5DFCBE722D41F14750E76FA2D2709D8EAC0AADDD16BAAA15D8E5E972E5D6ACFD4EBC291B7BCE5685B0F92897E979E91D7EBCB3A0BEDCE0FCA3A076279FB2CD1074A0AE2D6B2CA00AD0F26E4DF28FFAE741C69E7D0E0AB67CEE2DF721E5790FAF994130DC0635398A14396CFB839D797EB3AD7676ED103B634E75BD65DAD6977733F40BF41BF918F752F07BCB29FF45959F4E754E4748BCEC749DDF5A49F703E56EED71380D26F249A694F14DAE32706E33FE04EDD27A08EB676C9A77FFBDAF4E9D3378E1E3D3A94EF45A83FD8A94F8954E0F800AACCAECB8B3EFE2DA982B85328E90F99445F74F611B4F33E59D75E10FDC088FCAC8B4B96B8E83566F147DAD264FDBAAC6BD31F0ED3B3F15D85023D58273A40D10729F2A975FD78FD76985CEAB7D8F49926187C13BEE55D9460204DE50B50923D8FD33AE6706897FD9D286CEB0F87C969669D4B629C1F0E9319333DC0CA80DBD5D91DDCD40FD06FD06FE4FBC1BA6E9201BA0AC6A9F613BA767540D73943BF6BE79CFC8B7F274DF72912F4F5D25B996424B477A2A2A2E2CA5B6EB9E58084C7BEF2DA6BAF6DF57ABDFF515C5C7C2C4598BC709C47ACF15F94A4D787399B9EA5D26F69C59FAB5D66E0E58C0CF1815F8AE4820B2E48FA76BA3E07ABDA6FBD0AEDD224F817C47DE84C5F67F0EDD15BDE5F8BCE78A57A3AB6F8E71531F0E6E6E02D07E7726696CECE7D2CB3E40509CE4A256FAFEB53323ABFFC2D9BFA01FA0DFA0D42FBE10F973B97AAA5A39F903CE13CC7BA0EE27A099C7C6952B2533E4A669177FDF5C1BB9E94ECEA4B1CF3BEEEC78F1FFF4C4343C3C1BE5826A376CA3E5916A376E4E514218D224CCB009C89B7D041BF41BF41BF41BF41DD53F76E23A72BBAF1C61BDF9D376FDE814C06F6DDBB771F2A2F2FFFD0EBF5FA28421A45E88A01982F4EA2DFA0D16FD06F50F7D47D365141FAA4B2B2B23D8B162DFA325333ECD1C07E1F4548A308D336D3D59BB7A6796B9B7E8346BF41BF41DD53F7D958F77226973163C6B43CFAE8A3BBD2BD865D96C4E4C20C3B454811BA74004E75C68B0F8FD16FD0E837E837A87B5A36D7BDCCB8AB80FDBC9C5566FBF6ED5FF4F6B48E729618F9D069B6AF61A7082942174BF5AD6ADEDAA6DFA0D16FD06F50F7B45CA97B8FC7334185F78FEEBDF7DED7B76DDBB62BD56F3A6D6A6A5A27B3EBA3478F7E309BCF1243115284393600CB578CF38D85F41B34FA0DFA0DEA9E964B752F615B856EBF6A3B2A2A2ADE9A356BD61AD3345F7BFFFDF7B73B43FA9E3D7B3E5ABB76ED86868686D513264CD8E4F57A3F976F3ACDD62F4EA20829C22C55141D588B3AB9BF9581977E8346BF41BF41DDD372B8EE5508BF281AE097ABF6AE6A0755B3A26DA76A6B54BB5FB5C2F2F2F2A328421A45E8AA9933DEDAA6DFA0D16FD06F50F734EA9E22A451842E1E801978E93768F41BF41BD43D8DBAA7086914A18B07E07A065EFA0D1AFD06FD06754FA3EE29421A45E85E45B27CAD80D3B3D16FD0E837E837A87B1A754F11D22842F78A0EBEA0DFA0D16F744B7171F1D755BF71886AA5EEA97B5084348A90D04EBF41A3DF706F683F52F51B5F52ADD43D750F8A90461112DAE93768F41B2E25677F53FDC67EAA95BAA7EE91332291082F7477B7FDAA080F12DA09EDF41B34FA8DEE2B2B2B3B46F51B9F53ADD43D758F9CB16AD5AA9DBB77EFE6C5EED2D6D2D2F2EFAA08DF24B413DAE93768F41BDD575A5A7A9CEA373EA55AA97BEA1E39C3308C9FBEFCF2CB9F7CF4D147FFC98BDE5D47CC5280E17078BB6A3710DA09EDF41B34FA8DEE2B29293951F51B7FA75AA97BEA1E3945EDE4E1EAE86C9DBCAD22EBA1B2B5CD9F3FDFFE66DB6CFE3F389AEC8B372940423BFD068D7E23755EAFF724D56FB452A9D47D672D473203758FAC0C764BA5000B0B0B07B03508ED00F23AB49FA2FA8D5D6C0930B6002EE3F1782E52C577500A5075D67C99061D2B80FCEE33FE49B516B604185B00F785F6C5527CD1B68E2D42C70A20AFFB8CD3547B9F2D01C616C05D453744CFB2EBA642FC70B60C1D2B80FC5452523248F51BEFB125C0D802B8ABE8963A03BB9E6D676D3B1D2B80BC0DED67A87E631B5B028C2D807B0AAEC32CBB6E5EAF77045B888E15405E86F67F56FDC6DB6C0930B600EE29B8E589027BB4AD610BD1B102C83F5EAF77B0EA37F8A21930B6002E29B6A4B3ECAC6DA7630590D7A1FD7FAA7E63135B028C2D803B8A6D6967819D33C9D0B102C8DBD07EAEEA37FECA9600630B400182FD0AC0BD7DC6BFA8F61A5B028C2D000508F62B00F7F6194378A7158C2D000508F62B00172B2929F9A1EA37FECC9600630B400182FD0AC0A5BC5EEF50D56FFC892D01C616800204FB15807B43FB8F54BFD1CC9600630B4001C2C5FBB53A64544E0CAE3AB9BAC93CB3AAD11C5E1D342F97E60B467CFEC7CCA3F4E326058C1FF81AC343E5BADFEF3FA22A1899CDD6067222B45FA2FA8D977BF25CFA0FC61600142032BC5F6F6F8C0C6A1B5C8D3F5407CC71D501A3A23A181E96E8B132F85605CD29954DE6B1B7CE693ED11730A6CACFEA7945D541E312B63A90D5A1FD32D56F4452790EFD07630B000A107DB45FFD7E73805CCAE02997BE8039AD6D106D9B29730EC05521D323976A80BDBB2A1429F685CCBAB6E71A9364F066AB03591DDAAF50FDC64BA93C87FE83B1050005883EDEAFBEA0B9CC576F9EA706D019FAB6E8DBDBDEB6FB233EB95E1D8A8CAF09842FF5858CB9F6FD8148997A6E694DC0B886AD0E6475682F52FDC6F29E3C97FE83B1050005880CEFD7B6192F23286F6DB70DB4C6DDB1815806D4FA5503633F878C8B6F0F99836576AD2A603C10BDAD766270D971FAF900B2B6CFB856B53FA4F21CFA0FC616001420FA68BFCADBD7BE9039420654F9605875D07CFAF087C88C25B1C7852237CA2C9ACC885535844F910F904567CA1A646D6A753072255B1DC85E5EAFF7271E8FE7F9549E43FFC1D8028002441FEE571934ED3339341817AA8176A4BEDDF99675F5039153DB0FD69199FABAAC47958198AD0E6475681FA142FBE2549F47FFC1D8028002441FEDD7EAA0312B3AF8D6C8A9DB6233656A3096D3B8D9037063F82C35B05E206F6F4F0A98E7E80F9509391384DCCF5607B23AB45FAF42FB33A93E8FFE83B1050005880CEF57BFFFE923656D69553032C11E7CE366C334FBED6C35E0EA9FE53CCBBEA0F1881A786F92261F2A93B7C7D9EA405687F651AADF58D0DDC7D37F30B600A000C17E05D0F7A1DDABFA8DA7D812606C012840B05F01B837B48F51FDC6EFD812606C012840B05F01B837B48F53FDC6E36C0930B6001420D8AF00DCDB67FC5CB547D812606C012840B05F01B894D7EBBDD9E3F1FC962D01C616800204FB15807B43FB2F54687F882D01C616800204FB15807B437BA50AED4D6C0930B6001420D8AF00DC1BDA27AAD01E644B80B105A000C17E05E0DED0EE53A1BD9E2D01C616800204FB15807B43FBED2AB4CF664B80B105A000C17E05E0DED0FE4B15DA7FCD9600630B400182FD0AC0BDA17DAAEA37FE952D01C616800204FB15804B793C9E692AB8DFCB9600630B400182FD0AC0BDA1FDFFAAD07E375B028C2D000508F62B009792C02EC19D2D01C616800204FB15807B43FBBDB244862D01C616800204FB15807B43FB7D2AB4DFC99600630B400182FD0AC0BDA17D960AED93D912606C012840B05F01B837B4FF9B0AED356C0930B6001420D8AF00DC1BDA1B5468AF624B80B105A000C17E05E0522AB00755709FC89600630B40012273FB70A9ECC72EDA3AB614804E427B930AED956C099019000A1099DB8743543BD859685703F270B614804E42FB432AB4FF822D013203400122B3FB717927A17D4D6161E100B612804E42FB6F5568BF992D013203400122B3FB7148B2D0AE06E2116C21009D51FDC4A32AB8DFC896009901A00091F97D99686DFB3A66D9017423B43FA142FB58B604C80C000588CCEFCB0E6BDB59CB0EA09BA1FD49D55F94B2254066002840F40135E82E66961D400F42FB7CD57F8C664B80CC005080E89BD07E91632D7B115B044037C78205AACF18C596009901A000D177FBD45EDBCE2C3B80140EF89F51A1FD7AB604C80C000588BEDBA743D8AF00520CED8B39D314C80C0005E87A96650D78E79D7716AE5DBBF6AB482462AD58B182E682160E87AD55AB56FD4DB531BC4A818C86F6E75568FF095B0264068002743509ECCDCDCDD6EEDDBBAD2FBFFC92E6A2D6DADA6AAD5CB9F25315E06FE0950A642CB4BF505252720D5B02640680027435996127B0BB3AB87FB962C58A3779A502190BED2FAAD07E155B0264068002743559124338767753A1FD20AF542033BC5EEF8A51A3465DCE96009901A0005D4DD64F138C5D1FDA79AD02990BED860AED97B22540660028C09C08ED9F7FB2D37A67DD63D6E6F03D7693EB721BA19AD00E64F958F0B20AEE97B02540660028C0AC0FED7B3F6EB136FDB1D6FAEB0B93DB35B94DEE235813DA812C1E0B9A5568FF115B0264068002CCFAD0BE63F3F31D02BB6E1F6C5E4AB026B403D93C16FC4985F6A16C099019000A30EB43FB9BE6AF938676B98F604D6807B2782CF8734949C90FD9122033001460D687F64D2BFC4943BBDC47B026B403593C16AC57A1FD076C099019000A90D04E23B4032EE5F178FEA242FB796C099019000A30EB43BB9C2D26596897FB08D68476208B43FBC6D2D2D2FFC596009901A000B33EB46F5DDD9834B4CB7D046B423B90ADBC5EEFE6E2E2E2B3D9122033001460D687F63D2D1BAD4D2FD5755C1AA36E93FB08D68476208BC7823755701FCC96009901A000B33EB44B7B77FDBC0EA15D6E235413DA812C1F0BDE2E2929F967B604C80C000598FDA1FD8B2FACAD7F7AB0E3D218759BDC47B026B403593C166C53A1FD0CB604C80C000598D5A15DBEF1F4EDD5A1A46BDAE53EBE1595D00E64F158F09E0AED83D81220330014607686F62FBEB0766E35ACD75FFC55D2C0AE9B3C461ECBAC3BA11DC8C2B160476969E9F7D8122033001460D685F6AE66D7997527B4033934167C3866CC98816C099019000A30EB427B7766D73B9B75276813DA812C1A0B3E2A2B2BFBAF6C099019000A30EB427B4F03BB6E046D423B904563C1DFC68E1DFB1DB604C80C00059875A19D466807F285C7E3F9B8A4A4E444B6047A9219AA82C624BFDF7F44659379ACFD73C8B8AE26605C53FD40E454BFDF1CA01F571D8ADC58D5680EAF0E9A97DBF707C3C3E4BA2F688C94C7B28501423BA13D0F42BB7A2D0F51C16331AF66A04763C1A7A5A5A5C7B125906A6698185C75B20ADD8F4870F7D59BE7A9EB8D72BDAA217C8ABE8C85F6A071775BC03707F80291B28AB94BBF25615F6E974BB630406827B4E7706897B0AEDA52D50EF27A067A3C167C5E5656760C5B02A966065FD02C3D1CCAC3C364365DDDB6CC178C78AB434665EC3E75BB0AE797F842C65C995DAF0A45E64F0A98E7D8D783C60CB62E406827B4E768688F0FEBBAF16A067A3416EC2F2F2F3F8A2D81543243757DF80C15C26BDB96B844BC32CBDE3ED01B73E4323A1BBF4496CF5405CD29F67D8DE1A1F2BCE8737D6C5D80D04E68CFB1D0EEF1782E926530F1619DD00EF46A2C38505151F10DB60452C90CF692989059675F06CDD2AA80F1800EE2B2AE5D96C0D8E13E181EA6C27DB0EDBAF9B43C5696C6C8CCBBDC27EBDBD9BA00A19DD09E236DFEFCF956A29975423B9096B1E02BD61423D5CC10BF1EDD1734FE109B3DB767E08D4B0E07FCC884EA26F34C75DF7409ED32EB2EB3F3EAF6D96C5980D04E68CFA1D65950A7D168BD6F8C04E8496690F5E8BEFA5503AB1AC2E74A08D7B7FB02468DDFFFF491B19F4346D01732474C0C86CF8EDD163456C8121BB62C4068777D686F6D6D95ED6F2D5CB8D0DAB76F9F3568D020EBB2CB2EB3C68E1D6BB7E79E7BCEBE3FFE7972DBCC993393FE9CAC2D5EBCD83AEDB4D392DEFFC61B6F585BB66C49F8F71E7FFC71572C8F19356AD4E5EA75BB86E00100FD9F19AA83C66A7DDA4659A7EE08E47362C1BE217C8A2C9591D9F7C3F7DBCB697E2FCB68D8B200A1DDF5A15DDA2BAFBC620D1C38D0DABF7FBF1D8E2538CB6528148A0566FDD80B2EB82016E41F7DF451EBA4934EB2D6AF5F6FFF7CEDB5D7C6EE93DFA19F73CC31C758575D75957D5F6D6DAD75E289275AD3A64D8B3D76CD9A351D02BAFC9B229188555252D2EEEF3DFBECB3F6F50F3EF8A0DF3F88EAF57A8BD4EBB799D00E00FD97196A02E14BED601E8C4C882D930918539D678E9135EB2AB85F206790B9BD31324882FA6D8DE1EF4443FFDD358DE1B3D8BA00A1DDF5A13D3E30CF9B37CFBE2C2C2CB49A9B9BDB85F6AD5BB7DAB3E53A440F1D3AD45ABA74A9F5E4934FC69EBF60C1820EBFF3A9A79EB2AF4B0097D97CE77DF18F5FBD7A75EC5D00F9373843BB5C4A9877D3291FA333EFCD8476002033001420A13DED4D66AB25101F7DF4D17638D721FAA1871E8A8564996D7786763D5BAEC3FDD7BFFE756BFAF4E976A095B02DB74BB08F0FEDE79F7F7ED29976D334634B63F46D3B76ECB0AF5F7FFDF5B1DB9CD7F573DCF4E54AD199F735BC9A0180CC00508084F6B436BD2446969DE8802D33E9F1A15B5F7FF7DD77ED5975B9ED9C73CEB143B4DCBE67CF1EFBB651A346259CBDD7B3E99DCDB4CB9A7A7DDBC68D1BED9F4F3DF554EB8A2BAEB09FA70F3024D0BBF11B5101006406800224B46774498C0EEA05D1A52C1290659DFBAE5DBBDA85F60B2FBCD07AE1851762EBCACF3AEB2C7B798C7C48547FA8559A3C2FD5D0EEBC4D3E18ABAFCBDF747E2856BF2B406807003203000A30AF42FBA64D9BAC4F3FFD34B63446CF9CCBED3AB4CB0CB7CC7E4B7896FD2697A79F7EBA555959695FD71F128D5F735ED0CDE531CEC7CB4CBBCCEACBF5952B57260CF4847600203300A000F32AB44B581F3C7870EC83A732FB2D973A38C72FA99133BEC8A50EDE7229EBDBF50752E37FBF0EF2F133ED0F3FFC70C2C71F7FFCF1B1597EF9302A33ED000032034001E67D6897E52D722933E972B97DFB76EBA5975EEAB0A6DDF99C0D1B367408E15DB5EE3C5E7EB7BC2EF475BDDE9E9976002033B015000A306F43FBDEBD7BED2F3492A530CEDBF5F9D7E5DCEC89CED32E41BFAEAECE3E57BB5EEEA2C3BFAC6F4FF4B76499CCB061C3BAFCC2276748977F9BAC9FD7A7A274AE9727B40300990100059817A13DD5B3CD64C3BF93D00E006406001460DE86F67C6E8476002033001420A19D604C6807009019000A90D04E23B4030099010005486827B40300C80C00054868A711DA0180CC00800224B4D308ED00406600400112DA09ED00003203400112DA69847600203300A00009ED847600009901A00009ED34423B0080CC00508084761AA11D00C80C002840423BA11D004066002840423B8DD00E0064060014601F884422046377B7FD2AB41FE4950A0064068002CC63AB56ADDAB97BF76EC2B14B5B4B4BCBBFABD0FE26AF540020330014601E330CE3A72FBFFCF2271F7DF4D17F1292DD35C32E813D1C0E6F57ED065EA90040660028C03CA742E1F0152B56AC936518B27E3A9B9BECD76CFF3F449BEC8B3709EC004066002840B05F0100606C012840B05F01008C2D002840B05F01008C2D000508F62B0080B105000508F62B0080B1050005C87E050080B105A000C17E050030B600A000C17E050030B6001420D8AF000030B6001420D8AF0000C616001420FB150000C616800204FB1500C0D802800204FB1500C0D80250801420FB150000C616800204FB1500C0D802800204FB1500C0D802508060BF0200185B00508060BF0200185B005080EC570000185B000A10EC570000630B000A10EC570000630B400182FD0A0000630B400182FD0A00606C014001B25FD90A0000C616800204FB1500C0D802800204FB1500C0D802800264BF0200C0D802508060BF0200185B00508060BF0200185B000A10EC570000630B630B400182FD0A00606C014001B25F0100606C012840B05F01008C2D002840B05F01008C2D000508F62B00008C2D000508F62B0080B1050005C87E65BF0200185B000A10EC570000630B000A10EC570000630B000A90FD0A0000630B400182FD0A00606C01400182FD0A00606C012840B05F0100606C813BDD1E3207D704C297D6048C6BAA03665155C8F45407CDE9FEC7CCA39C8F9B185C75B22F18F1C63F5F9E1BFF58CD17341A13DD5ED5103E57B553DADD1634A7F8FDFE232840B05F01008C2D405CE05601FD726912C8AB83C6DDFA6709EEF21809D2FAB6AA5064BE7A9C4F027CDB638D4BECA01F0DE0B7374606D9E15F1EAF6EF7858CB96DCF8D5CE90B9923F4DFAD98BBF45B12E8E5F187FFBEF9BCFD375478BFAD31FC1D0A1009F6E152D98F5DB4756C2900009901394502B984693B3487CCBAEA50647C349C173B1F2733E3BE7AF3BCEA607898DD1E889C2A33F2F1BFAFED778587B51D1018D7488BBFAEFFAECCF0FBFDE68058C00F1A73541B290702142092ECC321AA1DEC2CB47B3C9EE16C290000990139C7173497B5CD741B8FC466D4839109CEC01E9D29AFF3058CA932D35E1D302A6446DC7E5E2072875E1E63DFA6027874767DA684FFB6DF67CCD0B3E7BEC6F05075707063757DF88C586097DF1B326AF54CBBDFFFF491142092ECC7E59D84F63585858503D84A008014C615DEC585FBD53486CF92701D0DED4FE8C05ED568C6662B65463C7AFF1C09EFD521A3D20EEA324BAF2E9DBFAF3A68CC3A7C3070783DBBF37ADBECBE1194EB1383CB8E3B1CF2ED0380B24CAD6B27B4E74CE73A2459A7EAF57A47B08500003D1857781717EE26CB5C647DBA5C97D9707DDBAD739A4F743E4E85EC8B658DBBAF7ED5C0B69FCD3AFB3901E381B8C7CD8D057015CCE3D7C7C71E170DFBB26446CFB0B78576735A068B92D09EDBB322EB98650700F4705CE15D5CB857DB874963A15A3E88FA5BBD9E5D66BFF5E3DA96B81897C8074F256CDBD74346A52C89A90A9937B53B080898E31CC1BC21F63B1C33F7F67D41A35166F9E5F9B10FAE4697D110DAD193591166410000BD1C57781717EE23B3E9FAAC2E7A494CBB19EF90593729609E2333EE12B8E56C2FB2D65CCEF6A282F52459C212FFE152A79AA695A7253A3DA41DD8EB570DAC0E18CFC8EF77067B398848F4E156423B1251217D31B3EC008034E604DEC585FB7477DDB884F6E81AF4DAEA26F34C9965D71F3AF505CD5259939E30B4AB305FD510BE20D17D1383E1B3E55493F6C143C0A8904B3BC0CB9A7975304168473743FB458E599022B60800A0973981777101971423A13DF7F6A93D2BC22C0800201D78171720B42333FB74C8C89123D9AF0080748576DEC50508EDC800E950ADE8250000E9C80BBC8B0B10DA914697ABF6B16AF5D14BD61D0200BACDEBF59EE4F178543C187DBF6AA66A3BE23E84BA534EF7A81EF35BF5D89BD5F5EFB3D500423B7A16D875509799F656823B00A02BA3468DBA3CBA767D7F37BE09D5D9E443AA6B542B67161E20B423F5C0DED5ED0000E8B3C3AC4B31A8276B6FCAEC3B5B1520B423B1A22E82B9BE9F35EE48CA173247C87749C47E0E1A23E5CBDE923DDEEF7FFAC8F86F7F8E3DB77ED5C0DB1AC3DFD13FCBE96CE5FB2FE21F27A7B395EFA1F0058CA99302C60FE4BAE38BEDBCFA9BA90164860AD8F7C59FCEB1B4B4D4BAEFBEFBAC850B175A9B376FB676EEDC69EDDFBFDF12070E1CB076EFDE6DBDFDF6DBD6A2458BECC7959595250AEFCBD5EFF91E5B1820B423F540CE8C3B0A3A0BE02A38D7B4056EF3BC68687ECC0ED001A342C2BC7C3F85F3DBA2AB4391F1F26DCDB190AD9E2FDF37D1F6FBFC47F882E632F9E239B94FBEA342BEF1B9ED4BEBCC29FA7B2DE4EF56078D59B18380606482FE37A9EBB3D93340661417171F1B5DAF1E0BDAE5E5E5D6934F3E6987F254ECDBB7CF5AB26489E5F3F9ACB873B97FAC2E0BD9DA00A11D87837851861E8F3C51158A14FBFDE60099F1D6815AC275FCE3EC6F7F6E3487B70575E36E5F2072870EF0954DE6B1CEC74A8097A02FD7D563A6CBEF95BFA1EF972F8F6BFBA66963AE3CDF0EF6CE6FA056FF16F60C90B1C0DEEC0CD8B5B5B5F68C7A6F1C3A74C85AB66C993D53EFF8DD7B55BB81AD0E10DA09ECA9CF9CCBF3F612DC7138B0DB4B52A64B08B7BF85393AD3AE82FC7C09D2D20E3FD6B84EFF2C4B63F4B748EBD9F2B6EB912BABEBC367C8B745CB0CBDFCFE8AB94BBFA567D5F573E4323A13FFB4FC2C0700F2FB0F2F8F311AD93B4046C6FD7633ECB20C460277BAB4B4B45893274F7606F7FD7C832A406827B0F7CFF39143ECA52C8DE1A1B787CCC16D3F9B49CFFEE00B467CB175E701E319C7FAF3C7F4632606971DA7C37E75C8A894252F725DD6ACCB3A793DFBDE16D4CD69D2E48041877996C50099135DC31E0BD46BD7AEB53241D6C0CB7A77E78CBBFADB83D90300A13D9F74F5A1D3BEFE3DC872BE40A44CD6A6CB8745E5C3A312AC0F2F5189943997BDC83296B6F5EAC61CD59EA80E9845F67AF87AF33CE7EF94607F78665DDD1F326AE577C9074F0F87FBF0D912D6E577C8AC7CDBDF8C5CA91ED720CFAF6A089FCBDE01D23ADE0F717EE85466D833493EB43A63C68C76E7779773C0B32700427B3E05F6742D6D61C61D05CE206DFF1C8CCC8C057A15B69DF7C92CBC046D59D622F7A9707D93FEF0695B105F769CAC859770DF7640604E538FBB5866DA9D33E86D813E72A57ADC8D72FDF06D6D1F5A65AF00E9E7F178FEE25CC39ECE2531C97CF6D967D62DB7DCE2FC706A3D7B0220B4E7BAF80F917E4DB571D1CB54C43F8F0FA7E6B1B6106E7FA8F412592263AF450F1AB3F4F2169981D78F95F5E9FA03A76D1F1A3547D8213F10F99D047D7DBA48757B5DDBA91C23C53283EE0B9AA512E665A98CFD7B02E14BF5121959B72EBF4FCFECCBDF930FBADAA79B548F630F01E9215F9CE43C4B4C6F3F749A8A575F7D35FE83A9DF678F0084F65C0FECC31DC1FB11D5ACE86577837BB2E711DCF3948467E7D21699FD960FA3EA402F815B0776BDE6DD0EDB814899F3E7AA06E3C2C3BFC3B85B7ED6E7789775F06DE1DE78C69E85570708B1C74667E4F57A7600191BEB97EAE02CA775EC6BB367CF7606F7FBD92300A13D1F02BB18170DDE560AC1DD19D8751BEBB89F35EE009083641DB99CC1457F7152AAE7614F876DDBB6B53B7F7B7979F909EC1980D09E4B9205E94401BCB3E09EE8F10F27783C6BDC0120C7A8903C5A076639A34B7F717EF9923A9018C19E0108EDB916D88B5208E289827B77037B7C7067A90C00B89C0ABF2B54FB5117E3FCFD7D75C698CE2C58B0800FA40284F69CD3DDE0DC55704F35B03BFF7E6B0133EE00E0FA313C3A73BD4205E18B923C26F6654A5BB66CE9B7D02EE78477FE7BD97B00A13D57027B770373B2E07E440F03BBC61A7700C892D0EE68CBE367DED56D3BF4FD7D79D69878EFBFFF7EBB73B6B3F700427B3E05F6CE82FB5BBD08ECBDFDF70000FA27B4C766B2757877DE2EDF54DA5FE4CB969CFF16F61ED0B382FF2AFA2D695FA8B62F7A1ED54F54DBA35AAB6ABB54FB307AB4FE9E6AEFA8B655B5B7547B43B5D755FBAB6AAFA9B65EB53FABF627D5FE9FEA3456AA66A8EB61D5FE28B300AAFD41B5E73C1ECF62D59E51F73FADDA7CD59E54B7CF53ED31D51E56ED37AA3DA81ED3A45A50D6C0A9C7FC9B6AB3D4ED33559BA1DA3DAAF955AB55F74F53ED4ED526ABC7DCAE9A4FB589EABEDB541BAF5A856A37A956AE1E3356B5526F9B51AA5DAF6EFF996AD7A9DB87AB76B56A57CAB96D55BB54B51F4B07A8DA50F5980BA3DF2CF72FEA31FF5BB5738A8B8BCF56EDBFAB76664949C919AA0D2A2D2DFD9E7ACC3FA9E79CA26E3F59B5FFA2DAF1D75D77DDB77FF2939F7CABBCBCFCA88A8A8A6F444F77D7DB99ED44C1BD37813D3EB8B3C61D00B224B43B67DE9D3FF737423BD04B121A0B0B0B075C7DF5D5DF9430A982E5B1122E2564CAA9A224748E193366A0845009A3EAF6D3259CAAB07A966AFF4342AB7ACCB91262D5FD3F50ED87126E55D0BD58C2AE845E75DFFF9110AC6E2F52D7AF95702C9F1E97B0AC6E2F964FB74B8856B79749A88E86EB5B246CABC7544AF89610AE1E5323A15CDD3E45B55F495857AD4EC2BBBAFF5ED5EE9350AF1E335B42BE847D755FA3847FD5E6460F061E538F79227A90F0946A0BE4E0415D2E928389E8F96C97C9414674B6C290830FF57373F46064AD6AEBA207291BE4A045DDBF59B52DD183996DD1831B39C869891EF4EC8E1E047DA21EF759F4E0484EC175207AD0241D586F3F9823E13F7E86FDADE8EDBD51DF8D818146A3D1682E6FCCB40340EF7575B698DECCB4A7F2054CCCB40340F6CFB4AF93778D65428E35ED00907E1290F71664664D7B4F823B6BDA0120BB427B2CAC3B1EC3D963002043C13D9599ED64A7754C74F69854823B678F0180EC09ED6B64C9A933AC3B1E1372C379DAE56F3BFEBD21F61E805C0AEE5D05E6AECEC39EEA37A76A430A384F3B00644368EF30B31E4F85F9316EF846D4C993273B43FB0DEC3D00B9A2AB99EEEE7E7152AAC15D2FD1E12BA601200744CF6426273EB0D475EBB3CF3EEBEFF5ECFBE52417EC1900B924D98C7BAADF74DADDE0AEFF1E811D007288735DFBA2458BFA3CB43FF8E083CED0FE187B04402E9219F7F8A52AE30A523F0F7BA2E03E36EEEFB0861D00729073894C6565659F9EFAB1A5A5C59EE1D77FBFA4A4E43CF608805C0EEECE0FA73A03782A5F9C94EC799CD611007258F4D48FAFEBE0BC64C9923E0BEDF7DC734F2CB0CB972AB23700E4BAF8A53212B8C716A47E1AC7F8E7F5F6FCF000802CE09C6D9799EFF7DE7B2FE3817DD9B265CE653107E5CB18D91300F231B8F756A2A53700801C15FDC66F3B44D7D4D458FBF6EDCB58605FBD7A75BB6531F20DE7EC010004F7FE3F000000B85C7171F17755786ED5417AC68C19D68103073212D8CBCBCBF9F02980BCD7DB252D2C8901803CE5F1782E52ED631DA865CDF99E3D7BD2BA24266E867DB93A5838962D0F20DF837BAA33E57CE81400F29C7C7BAA3E77BB3499155FBB766DAFCF12535757E70CEB047600880BE0C333F47800408E1A356AD4E52A54EF75866CF9C6D42D5BB6A4FCC549721EF6B8D9757B490C811D00520FE2430AF8A653008083D7EB1DACC2F58EB8B06D4D9C38D19A3F7FBED5DCDC6C9F6546AF7B974B09E9322BBF70E1426BCA9429F141DD3E4B0C1F3A0580C48AA281BCA893FB5B09EC008078321BAEC2FB7DF1B3EE3D69721E764EEB08009D4B36E3CE92180040974A4B4BBFA782F774E78754BBD9646DFC637CD32900F43CB813D8010029292F2F3F2ABADEFD7EF9206982E5333BBD5EEF0A751952017FB4BA7E125B0D007A1EDCEB09EC000000807BC91A76AB80D33A02000000AE76029B0000000000000000000000000000000000000000000000000000000000000000000000000040AAFE3F4E9B1CC9CCC1EE1C0000000049454E44AE426082, '1');
INSERT INTO `act_ge_bytearray` VALUES ('60002', '1', 'E:\\eclipse-workspace\\JPS_new_workspace\\.metadata\\.plugins\\org.eclipse.wst.server.core\\tmp0\\wtpwebapps\\jps\\WEB-INF\\classes\\activiti-bpmn\\leave.bpmn', '60001', 0x3C3F786D6C2076657273696F6E3D22312E302220656E636F64696E673D225554462D38223F3E0A3C646566696E6974696F6E7320786D6C6E733D22687474703A2F2F7777772E6F6D672E6F72672F737065632F42504D4E2F32303130303532342F4D4F44454C2220786D6C6E733A7873693D22687474703A2F2F7777772E77332E6F72672F323030312F584D4C536368656D612D696E7374616E63652220786D6C6E733A61637469766974693D22687474703A2F2F61637469766974692E6F72672F62706D6E2220786D6C6E733A62706D6E64693D22687474703A2F2F7777772E6F6D672E6F72672F737065632F42504D4E2F32303130303532342F44492220786D6C6E733A6F6D6764633D22687474703A2F2F7777772E6F6D672E6F72672F737065632F44442F32303130303532342F44432220786D6C6E733A6F6D6764693D22687474703A2F2F7777772E6F6D672E6F72672F737065632F44442F32303130303532342F44492220747970654C616E67756167653D22687474703A2F2F7777772E77332E6F72672F323030312F584D4C536368656D61222065787072657373696F6E4C616E67756167653D22687474703A2F2F7777772E77332E6F72672F313939392F585061746822207461726765744E616D6573706163653D22687474703A2F2F7777772E61637469766974692E6F72672F74657374223E0A20203C70726F636573732069643D226C6561766522206E616D653D22E4BA8BE581872220697345786563757461626C653D2274727565223E0A202020203C73746172744576656E742069643D2273746172746576656E743122206E616D653D22E5BC80E5A78B222061637469766974693A696E69746961746F723D227374617274557365724964223E0A2020202020203C657874656E73696F6E456C656D656E74733E0A20202020202020203C61637469766974693A666F726D50726F70657274792069643D2273746172744461746522206E616D653D22E8AFB7E58187E5BC80E5A78BE697A5E69C9F2220747970653D22646174652220646174655061747465726E3D22797979792D4D4D2D6464222072657175697265643D2274727565223E3C2F61637469766974693A666F726D50726F70657274793E0A20202020202020203C61637469766974693A666F726D50726F70657274792069643D22656E644461746522206E616D653D22E8AFB7E58187E7BB93E69D9FE697A5E69C9F2220747970653D22646174652220646174655061747465726E3D22797979792D4D4D2D6464222072657175697265643D2274727565223E3C2F61637469766974693A666F726D50726F70657274793E0A20202020202020203C61637469766974693A666F726D50726F70657274792069643D22726561736F6E22206E616D653D22E8AFB7E58187E58E9FE59BA02220747970653D22737472696E67222072657175697265643D2274727565223E3C2F61637469766974693A666F726D50726F70657274793E0A2020202020203C2F657874656E73696F6E456C656D656E74733E0A202020203C2F73746172744576656E743E0A202020203C757365725461736B2069643D226C6561646572417564697422206E616D653D22E983A8E997A8E9A286E5AFBCE5AEA1E689B9222061637469766974693A63616E64696461746555736572733D22237B7573657249647D223E0A2020202020203C657874656E73696F6E456C656D656E74733E0A20202020202020203C61637469766974693A666F726D50726F70657274792069643D2273746172744461746522206E616D653D22E8AFB7E58187E5BC80E5A78BE697A5E69C9F2220747970653D22646174652220646174655061747465726E3D22797979792D4D4D2D646422207265616461626C653D2266616C736522207772697461626C653D2266616C7365223E3C2F61637469766974693A666F726D50726F70657274793E0A20202020202020203C61637469766974693A666F726D50726F70657274792069643D22656E644461746522206E616D653D22E8AFB7E58187E7BB93E69D9FE697A5E69C9F2220747970653D22646174652220646174655061747465726E3D22797979792D4D4D2D646422207265616461626C653D2266616C736522207772697461626C653D2266616C7365223E3C2F61637469766974693A666F726D50726F70657274793E0A20202020202020203C61637469766974693A666F726D50726F70657274792069643D22726561736F6E22206E616D653D22E8AFB7E58187E58E9FE59BA02220747970653D22737472696E6722207265616461626C653D2266616C736522207772697461626C653D2266616C7365223E3C2F61637469766974693A666F726D50726F70657274793E0A20202020202020203C61637469766974693A666F726D50726F70657274792069643D226C6561646572417070726F766522206E616D653D22E5AEA1E689B9E6848FE8A7812220747970653D22656E756D222072657175697265643D2274727565223E0A202020202020202020203C61637469766974693A76616C75652069643D227472756522206E616D653D22E5908CE6848F223E3C2F61637469766974693A76616C75653E0A202020202020202020203C61637469766974693A76616C75652069643D2266616C736522206E616D653D22E68B92E7BB9D223E3C2F61637469766974693A76616C75653E0A20202020202020203C2F61637469766974693A666F726D50726F70657274793E0A2020202020203C2F657874656E73696F6E456C656D656E74733E0A202020203C2F757365725461736B3E0A202020203C73657175656E6365466C6F772069643D22666C6F77312220736F757263655265663D2273746172746576656E743122207461726765745265663D226C65616465724175646974223E3C2F73657175656E6365466C6F773E0A202020203C6578636C7573697665476174657761792069643D226578636C75736976656761746577617931223E3C2F6578636C7573697665476174657761793E0A202020203C73657175656E6365466C6F772069643D22666C6F77322220736F757263655265663D226C6561646572417564697422207461726765745265663D226578636C75736976656761746577617931223E3C2F73657175656E6365466C6F773E0A202020203C757365725461736B2069643D226872417564697422206E616D653D22E4BABAE4BA8BE5AEA1E689B9222061637469766974693A63616E64696461746555736572733D22237B7573657249647D223E0A2020202020203C657874656E73696F6E456C656D656E74733E0A20202020202020203C61637469766974693A666F726D50726F70657274792069643D2273746172744461746522206E616D653D22E8AFB7E58187E5BC80E5A78BE697A5E69C9F2220747970653D22646174652220646174655061747465726E3D22797979792D4D4D2D646422207265616461626C653D2266616C736522207772697461626C653D2266616C7365223E3C2F61637469766974693A666F726D50726F70657274793E0A20202020202020203C61637469766974693A666F726D50726F70657274792069643D22656E644461746522206E616D653D22E8AFB7E58187E7BB93E69D9FE697A5E69C9F2220747970653D22646174652220646174655061747465726E3D22797979792D4D4D2D646422207265616461626C653D2266616C736522207772697461626C653D2266616C7365223E3C2F61637469766974693A666F726D50726F70657274793E0A20202020202020203C61637469766974693A666F726D50726F70657274792069643D22726561736F6E22206E616D653D22E8AFB7E58187E58E9FE59BA02220747970653D22737472696E6722207265616461626C653D2266616C736522207772697461626C653D2266616C7365223E3C2F61637469766974693A666F726D50726F70657274793E0A20202020202020203C61637469766974693A666F726D50726F70657274792069643D226872417070726F766522206E616D653D22E5AEA1E689B9E6848FE8A7812220747970653D22656E756D222072657175697265643D2274727565223E0A202020202020202020203C61637469766974693A76616C75652069643D227472756522206E616D653D22E5908CE6848F223E3C2F61637469766974693A76616C75653E0A202020202020202020203C61637469766974693A76616C75652069643D2266616C736522206E616D653D22E68B92E7BB9D223E3C2F61637469766974693A76616C75653E0A20202020202020203C2F61637469766974693A666F726D50726F70657274793E0A2020202020203C2F657874656E73696F6E456C656D656E74733E0A202020203C2F757365725461736B3E0A202020203C73657175656E6365466C6F772069643D22666C6F773322206E616D653D22E5908CE6848F2220736F757263655265663D226578636C7573697665676174657761793122207461726765745265663D2268724175646974223E0A2020202020203C636F6E646974696F6E45787072657373696F6E207873693A747970653D2274466F726D616C45787072657373696F6E223E3C215B43444154415B247B6C6561646572417070726F7665203D3D20747275657D5D5D3E3C2F636F6E646974696F6E45787072657373696F6E3E0A202020203C2F73657175656E6365466C6F773E0A202020203C757365725461736B2069643D226D6F646966794170706C7922206E616D653D22E8B083E695B4E794B3E8AFB7222061637469766974693A63616E64696461746555736572733D22237B7573657249647D223E0A2020202020203C657874656E73696F6E456C656D656E74733E0A20202020202020203C61637469766974693A666F726D50726F70657274792069643D2273746172744461746522206E616D653D22E8AFB7E58187E5BC80E5A78BE697A5E69C9F2220747970653D22646174652220646174655061747465726E3D22797979792D4D4D2D6464222072657175697265643D2274727565223E3C2F61637469766974693A666F726D50726F70657274793E0A20202020202020203C61637469766974693A666F726D50726F70657274792069643D22656E644461746522206E616D653D22E8AFB7E58187E7BB93E69D9FE697A5E69C9F2220747970653D22646174652220646174655061747465726E3D22797979792D4D4D2D6464222072657175697265643D2274727565223E3C2F61637469766974693A666F726D50726F70657274793E0A20202020202020203C61637469766974693A666F726D50726F70657274792069643D22726561736F6E22206E616D653D22E8AFB7E58187E58E9FE59BA02220747970653D22737472696E67222072657175697265643D2274727565223E3C2F61637469766974693A666F726D50726F70657274793E0A20202020202020203C61637469766974693A666F726D50726F70657274792069643D2272654170706C7922206E616D653D22E698AFE590A6E9878DE696B0E794B3E8AFB72220747970653D22656E756D222072657175697265643D2274727565223E0A202020202020202020203C61637469766974693A76616C75652069643D227472756522206E616D653D22E9878DE696B0E794B3E8AFB7223E3C2F61637469766974693A76616C75653E0A202020202020202020203C61637469766974693A76616C75652069643D2266616C736522206E616D653D22E58F96E6B688E794B3E8AFB7223E3C2F61637469766974693A76616C75653E0A20202020202020203C2F61637469766974693A666F726D50726F70657274793E0A2020202020203C2F657874656E73696F6E456C656D656E74733E0A202020203C2F757365725461736B3E0A202020203C73657175656E6365466C6F772069643D22666C6F773422206E616D653D22E68B92E7BB9D2220736F757263655265663D226578636C7573697665676174657761793122207461726765745265663D226D6F646966794170706C79223E0A2020202020203C636F6E646974696F6E45787072657373696F6E207873693A747970653D2274466F726D616C45787072657373696F6E223E3C215B43444154415B247B6C6561646572417070726F7665203D3D2066616C73657D5D5D3E3C2F636F6E646974696F6E45787072657373696F6E3E0A202020203C2F73657175656E6365466C6F773E0A202020203C6578636C7573697665476174657761792069643D226578636C75736976656761746577617932223E3C2F6578636C7573697665476174657761793E0A202020203C73657175656E6365466C6F772069643D22666C6F77352220736F757263655265663D226872417564697422207461726765745265663D226578636C75736976656761746577617932223E3C2F73657175656E6365466C6F773E0A202020203C757365725461736B2069643D227265706F72744261636B22206E616D653D22E69CACE4BABAE99480E58187222061637469766974693A63616E64696461746555736572733D22237B7573657249647D223E0A2020202020203C657874656E73696F6E456C656D656E74733E0A20202020202020203C61637469766974693A666F726D50726F70657274792069643D2273746172744461746522206E616D653D22E8AFB7E58187E5BC80E5A78BE697A5E69C9F2220747970653D22646174652220646174655061747465726E3D22797979792D4D4D2D646422207265616461626C653D2266616C736522207772697461626C653D2266616C7365223E3C2F61637469766974693A666F726D50726F70657274793E0A20202020202020203C61637469766974693A666F726D50726F70657274792069643D22656E644461746522206E616D653D22E8AFB7E58187E7BB93E69D9FE697A5E69C9F2220747970653D22646174652220646174655061747465726E3D22797979792D4D4D2D646422207265616461626C653D2266616C736522207772697461626C653D2266616C7365223E3C2F61637469766974693A666F726D50726F70657274793E0A20202020202020203C61637469766974693A666F726D50726F70657274792069643D22726561736F6E22206E616D653D22E8AFB7E58187E58E9FE59BA02220747970653D22737472696E6722207265616461626C653D2266616C736522207772697461626C653D2266616C7365223E3C2F61637469766974693A666F726D50726F70657274793E0A20202020202020203C61637469766974693A666F726D50726F70657274792069643D227265706F72744261636B4461746522206E616D653D22E99480E58187E697A5E69C9F2220747970653D22646174652220646174655061747465726E3D22797979792D4D4D2D6464222072657175697265643D2274727565223E3C2F61637469766974693A666F726D50726F70657274793E0A2020202020203C2F657874656E73696F6E456C656D656E74733E0A202020203C2F757365725461736B3E0A202020203C73657175656E6365466C6F772069643D22666C6F773622206E616D653D22E5908CE6848F2220736F757263655265663D226578636C7573697665676174657761793222207461726765745265663D227265706F72744261636B223E0A2020202020203C636F6E646974696F6E45787072657373696F6E207873693A747970653D2274466F726D616C45787072657373696F6E223E3C215B43444154415B247B6872417070726F7665203D3D20747275657D5D5D3E3C2F636F6E646974696F6E45787072657373696F6E3E0A202020203C2F73657175656E6365466C6F773E0A202020203C73657175656E6365466C6F772069643D22666C6F773722206E616D653D22E68B92E7BB9D2220736F757263655265663D226578636C7573697665676174657761793222207461726765745265663D226D6F646966794170706C79223E0A2020202020203C636F6E646974696F6E45787072657373696F6E207873693A747970653D2274466F726D616C45787072657373696F6E223E3C215B43444154415B247B6872417070726F7665203D3D2066616C73657D5D5D3E3C2F636F6E646974696F6E45787072657373696F6E3E0A202020203C2F73657175656E6365466C6F773E0A202020203C6578636C7573697665476174657761792069643D226578636C75736976656761746577617933223E3C2F6578636C7573697665476174657761793E0A202020203C73657175656E6365466C6F772069643D22666C6F77382220736F757263655265663D226D6F646966794170706C7922207461726765745265663D226578636C75736976656761746577617933223E3C2F73657175656E6365466C6F773E0A202020203C73657175656E6365466C6F772069643D22666C6F773922206E616D653D22E9878DE696B0E794B3E8AFB72220736F757263655265663D226578636C7573697665676174657761793322207461726765745265663D226C65616465724175646974223E0A2020202020203C636F6E646974696F6E45787072657373696F6E207873693A747970653D2274466F726D616C45787072657373696F6E223E3C215B43444154415B247B72654170706C79203D3D20747275657D5D5D3E3C2F636F6E646974696F6E45787072657373696F6E3E0A202020203C2F73657175656E6365466C6F773E0A202020203C656E644576656E742069643D22656E646576656E743122206E616D653D22E7BB93E69D9F223E3C2F656E644576656E743E0A202020203C73657175656E6365466C6F772069643D22666C6F77313022206E616D653D22E99480E581872220736F757263655265663D227265706F72744261636B22207461726765745265663D22656E646576656E7431223E0A2020202020203C657874656E73696F6E456C656D656E74733E0A20202020202020203C61637469766974693A657865637574696F6E4C697374656E6572206576656E743D2274616B65222065787072657373696F6E3D22247B657865637574696F6E2E7365745661726961626C652827726573756C74272C276F6B27297D223E3C2F61637469766974693A657865637574696F6E4C697374656E65723E0A2020202020203C2F657874656E73696F6E456C656D656E74733E0A202020203C2F73657175656E6365466C6F773E0A202020203C73657175656E6365466C6F772069643D22666C6F77313122206E616D653D22E7BB93E69D9FE6B581E7A88B2220736F757263655265663D226578636C7573697665676174657761793322207461726765745265663D22656E646576656E7431223E0A2020202020203C657874656E73696F6E456C656D656E74733E0A20202020202020203C61637469766974693A657865637574696F6E4C697374656E6572206576656E743D2274616B65222065787072657373696F6E3D22247B657865637574696F6E2E7365745661726961626C652827726573756C74272C2763616E63656C656427297D223E3C2F61637469766974693A657865637574696F6E4C697374656E65723E0A2020202020203C2F657874656E73696F6E456C656D656E74733E0A2020202020203C636F6E646974696F6E45787072657373696F6E207873693A747970653D2274466F726D616C45787072657373696F6E223E3C215B43444154415B247B72654170706C79203D3D2066616C73657D5D5D3E3C2F636F6E646974696F6E45787072657373696F6E3E0A202020203C2F73657175656E6365466C6F773E0A20203C2F70726F636573733E0A20203C62706D6E64693A42504D4E4469616772616D2069643D2242504D4E4469616772616D5F6C65617665223E0A202020203C62706D6E64693A42504D4E506C616E652062706D6E456C656D656E743D226C65617665222069643D2242504D4E506C616E655F6C65617665223E0A2020202020203C62706D6E64693A42504D4E53686170652062706D6E456C656D656E743D2273746172746576656E7431222069643D2242504D4E53686170655F73746172746576656E7431223E0A20202020202020203C6F6D6764633A426F756E6473206865696768743D2233352E30222077696474683D2233352E302220783D2233302E302220793D2235302E30223E3C2F6F6D6764633A426F756E64733E0A2020202020203C2F62706D6E64693A42504D4E53686170653E0A2020202020203C62706D6E64693A42504D4E53686170652062706D6E456C656D656E743D226C65616465724175646974222069643D2242504D4E53686170655F6C65616465724175646974223E0A20202020202020203C6F6D6764633A426F756E6473206865696768743D2235352E30222077696474683D223130352E302220783D223131302E302220793D2234302E30223E3C2F6F6D6764633A426F756E64733E0A2020202020203C2F62706D6E64693A42504D4E53686170653E0A2020202020203C62706D6E64693A42504D4E53686170652062706D6E456C656D656E743D226578636C75736976656761746577617931222069643D2242504D4E53686170655F6578636C75736976656761746577617931223E0A20202020202020203C6F6D6764633A426F756E6473206865696768743D2234302E30222077696474683D2234302E302220783D223236302E302220793D2234382E30223E3C2F6F6D6764633A426F756E64733E0A2020202020203C2F62706D6E64693A42504D4E53686170653E0A2020202020203C62706D6E64693A42504D4E53686170652062706D6E456C656D656E743D2268724175646974222069643D2242504D4E53686170655F68724175646974223E0A20202020202020203C6F6D6764633A426F756E6473206865696768743D2235352E30222077696474683D223130352E302220783D223338302E302220793D2234302E30223E3C2F6F6D6764633A426F756E64733E0A2020202020203C2F62706D6E64693A42504D4E53686170653E0A2020202020203C62706D6E64693A42504D4E53686170652062706D6E456C656D656E743D226D6F646966794170706C79222069643D2242504D4E53686170655F6D6F646966794170706C79223E0A20202020202020203C6F6D6764633A426F756E6473206865696768743D2235352E30222077696474683D223130352E302220783D223232382E302220793D223135302E30223E3C2F6F6D6764633A426F756E64733E0A2020202020203C2F62706D6E64693A42504D4E53686170653E0A2020202020203C62706D6E64693A42504D4E53686170652062706D6E456C656D656E743D226578636C75736976656761746577617932222069643D2242504D4E53686170655F6578636C75736976656761746577617932223E0A20202020202020203C6F6D6764633A426F756E6473206865696768743D2234302E30222077696474683D2234302E302220783D223533302E302220793D2234382E30223E3C2F6F6D6764633A426F756E64733E0A2020202020203C2F62706D6E64693A42504D4E53686170653E0A2020202020203C62706D6E64693A42504D4E53686170652062706D6E456C656D656E743D227265706F72744261636B222069643D2242504D4E53686170655F7265706F72744261636B223E0A20202020202020203C6F6D6764633A426F756E6473206865696768743D2235352E30222077696474683D223130352E302220783D223633342E302220793D2234302E30223E3C2F6F6D6764633A426F756E64733E0A2020202020203C2F62706D6E64693A42504D4E53686170653E0A2020202020203C62706D6E64693A42504D4E53686170652062706D6E456C656D656E743D226578636C75736976656761746577617933222069643D2242504D4E53686170655F6578636C75736976656761746577617933223E0A20202020202020203C6F6D6764633A426F756E6473206865696768743D2234302E30222077696474683D2234302E302220783D223236302E302220793D223236302E30223E3C2F6F6D6764633A426F756E64733E0A2020202020203C2F62706D6E64693A42504D4E53686170653E0A2020202020203C62706D6E64693A42504D4E53686170652062706D6E456C656D656E743D22656E646576656E7431222069643D2242504D4E53686170655F656E646576656E7431223E0A20202020202020203C6F6D6764633A426F756E6473206865696768743D2233352E30222077696474683D2233352E302220783D223636392E302220793D223236322E30223E3C2F6F6D6764633A426F756E64733E0A2020202020203C2F62706D6E64693A42504D4E53686170653E0A2020202020203C62706D6E64693A42504D4E456467652062706D6E456C656D656E743D22666C6F7731222069643D2242504D4E456467655F666C6F7731223E0A20202020202020203C6F6D6764693A776179706F696E7420783D2236352E302220793D2236372E30223E3C2F6F6D6764693A776179706F696E743E0A20202020202020203C6F6D6764693A776179706F696E7420783D223131302E302220793D2236372E30223E3C2F6F6D6764693A776179706F696E743E0A2020202020203C2F62706D6E64693A42504D4E456467653E0A2020202020203C62706D6E64693A42504D4E456467652062706D6E456C656D656E743D22666C6F7732222069643D2242504D4E456467655F666C6F7732223E0A20202020202020203C6F6D6764693A776179706F696E7420783D223231352E302220793D2236372E30223E3C2F6F6D6764693A776179706F696E743E0A20202020202020203C6F6D6764693A776179706F696E7420783D223236302E302220793D2236382E30223E3C2F6F6D6764693A776179706F696E743E0A2020202020203C2F62706D6E64693A42504D4E456467653E0A2020202020203C62706D6E64693A42504D4E456467652062706D6E456C656D656E743D22666C6F7733222069643D2242504D4E456467655F666C6F7733223E0A20202020202020203C6F6D6764693A776179706F696E7420783D223330302E302220793D2236382E30223E3C2F6F6D6764693A776179706F696E743E0A20202020202020203C6F6D6764693A776179706F696E7420783D223338302E302220793D2236372E30223E3C2F6F6D6764693A776179706F696E743E0A20202020202020203C62706D6E64693A42504D4E4C6162656C3E0A202020202020202020203C6F6D6764633A426F756E6473206865696768743D2231342E30222077696474683D2232342E302220783D223331392E302220793D2235312E30223E3C2F6F6D6764633A426F756E64733E0A20202020202020203C2F62706D6E64693A42504D4E4C6162656C3E0A2020202020203C2F62706D6E64693A42504D4E456467653E0A2020202020203C62706D6E64693A42504D4E456467652062706D6E456C656D656E743D22666C6F7734222069643D2242504D4E456467655F666C6F7734223E0A20202020202020203C6F6D6764693A776179706F696E7420783D223238302E302220793D2238382E30223E3C2F6F6D6764693A776179706F696E743E0A20202020202020203C6F6D6764693A776179706F696E7420783D223238302E302220793D223135302E30223E3C2F6F6D6764693A776179706F696E743E0A20202020202020203C62706D6E64693A42504D4E4C6162656C3E0A202020202020202020203C6F6D6764633A426F756E6473206865696768743D2231342E30222077696474683D2232342E302220783D223238392E302220793D223130392E30223E3C2F6F6D6764633A426F756E64733E0A20202020202020203C2F62706D6E64693A42504D4E4C6162656C3E0A2020202020203C2F62706D6E64693A42504D4E456467653E0A2020202020203C62706D6E64693A42504D4E456467652062706D6E456C656D656E743D22666C6F7735222069643D2242504D4E456467655F666C6F7735223E0A20202020202020203C6F6D6764693A776179706F696E7420783D223438352E302220793D2236372E30223E3C2F6F6D6764693A776179706F696E743E0A20202020202020203C6F6D6764693A776179706F696E7420783D223533302E302220793D2236382E30223E3C2F6F6D6764693A776179706F696E743E0A2020202020203C2F62706D6E64693A42504D4E456467653E0A2020202020203C62706D6E64693A42504D4E456467652062706D6E456C656D656E743D22666C6F7736222069643D2242504D4E456467655F666C6F7736223E0A20202020202020203C6F6D6764693A776179706F696E7420783D223537302E302220793D2236382E30223E3C2F6F6D6764693A776179706F696E743E0A20202020202020203C6F6D6764693A776179706F696E7420783D223633342E302220793D2236372E30223E3C2F6F6D6764693A776179706F696E743E0A20202020202020203C62706D6E64693A42504D4E4C6162656C3E0A202020202020202020203C6F6D6764633A426F756E6473206865696768743D2231342E30222077696474683D2232342E302220783D223537392E302220793D2235312E30223E3C2F6F6D6764633A426F756E64733E0A20202020202020203C2F62706D6E64693A42504D4E4C6162656C3E0A2020202020203C2F62706D6E64693A42504D4E456467653E0A2020202020203C62706D6E64693A42504D4E456467652062706D6E456C656D656E743D22666C6F7737222069643D2242504D4E456467655F666C6F7737223E0A20202020202020203C6F6D6764693A776179706F696E7420783D223535302E302220793D2238382E30223E3C2F6F6D6764693A776179706F696E743E0A20202020202020203C6F6D6764693A776179706F696E7420783D223534392E302220793D223137372E30223E3C2F6F6D6764693A776179706F696E743E0A20202020202020203C6F6D6764693A776179706F696E7420783D223333332E302220793D223137372E30223E3C2F6F6D6764693A776179706F696E743E0A20202020202020203C62706D6E64693A42504D4E4C6162656C3E0A202020202020202020203C6F6D6764633A426F756E6473206865696768743D2231342E30222077696474683D2232342E302220783D223536312E302220793D223130392E30223E3C2F6F6D6764633A426F756E64733E0A20202020202020203C2F62706D6E64693A42504D4E4C6162656C3E0A2020202020203C2F62706D6E64693A42504D4E456467653E0A2020202020203C62706D6E64693A42504D4E456467652062706D6E456C656D656E743D22666C6F7738222069643D2242504D4E456467655F666C6F7738223E0A20202020202020203C6F6D6764693A776179706F696E7420783D223238302E302220793D223230352E30223E3C2F6F6D6764693A776179706F696E743E0A20202020202020203C6F6D6764693A776179706F696E7420783D223238302E302220793D223236302E30223E3C2F6F6D6764693A776179706F696E743E0A2020202020203C2F62706D6E64693A42504D4E456467653E0A2020202020203C62706D6E64693A42504D4E456467652062706D6E456C656D656E743D22666C6F7739222069643D2242504D4E456467655F666C6F7739223E0A20202020202020203C6F6D6764693A776179706F696E7420783D223236302E302220793D223238302E30223E3C2F6F6D6764693A776179706F696E743E0A20202020202020203C6F6D6764693A776179706F696E7420783D223136322E302220793D223237392E30223E3C2F6F6D6764693A776179706F696E743E0A20202020202020203C6F6D6764693A776179706F696E7420783D223136322E302220793D2239352E30223E3C2F6F6D6764693A776179706F696E743E0A20202020202020203C62706D6E64693A42504D4E4C6162656C3E0A202020202020202020203C6F6D6764633A426F756E6473206865696768743D2231342E30222077696474683D2234382E302220783D223130312E302220793D223234382E30223E3C2F6F6D6764633A426F756E64733E0A20202020202020203C2F62706D6E64693A42504D4E4C6162656C3E0A2020202020203C2F62706D6E64693A42504D4E456467653E0A2020202020203C62706D6E64693A42504D4E456467652062706D6E456C656D656E743D22666C6F773130222069643D2242504D4E456467655F666C6F773130223E0A20202020202020203C6F6D6764693A776179706F696E7420783D223638362E302220793D2239352E30223E3C2F6F6D6764693A776179706F696E743E0A20202020202020203C6F6D6764693A776179706F696E7420783D223638362E302220793D223236322E30223E3C2F6F6D6764693A776179706F696E743E0A20202020202020203C62706D6E64693A42504D4E4C6162656C3E0A202020202020202020203C6F6D6764633A426F756E6473206865696768743D2231342E30222077696474683D2232342E302220783D223639302E302220793D223137302E30223E3C2F6F6D6764633A426F756E64733E0A20202020202020203C2F62706D6E64693A42504D4E4C6162656C3E0A2020202020203C2F62706D6E64693A42504D4E456467653E0A2020202020203C62706D6E64693A42504D4E456467652062706D6E456C656D656E743D22666C6F773131222069643D2242504D4E456467655F666C6F773131223E0A20202020202020203C6F6D6764693A776179706F696E7420783D223330302E302220793D223238302E30223E3C2F6F6D6764693A776179706F696E743E0A20202020202020203C6F6D6764693A776179706F696E7420783D223636392E302220793D223237392E30223E3C2F6F6D6764693A776179706F696E743E0A20202020202020203C62706D6E64693A42504D4E4C6162656C3E0A202020202020202020203C6F6D6764633A426F756E6473206865696768743D2231342E30222077696474683D2234382E302220783D223431382E302220793D223236332E30223E3C2F6F6D6764633A426F756E64733E0A20202020202020203C2F62706D6E64693A42504D4E4C6162656C3E0A2020202020203C2F62706D6E64693A42504D4E456467653E0A202020203C2F62706D6E64693A42504D4E506C616E653E0A20203C2F62706D6E64693A42504D4E4469616772616D3E0A3C2F646566696E6974696F6E733E, '0');
INSERT INTO `act_ge_bytearray` VALUES ('60003', '1', 'E:\\eclipse-workspace\\JPS_new_workspace\\.metadata\\.plugins\\org.eclipse.wst.server.core\\tmp0\\wtpwebapps\\jps\\WEB-INF\\classes\\activiti-bpmn\\leave.leave.png', '60001', 0x89504E470D0A1A0A0000000D49484452000002ED000001360806000000D5AFAC16000034A74944415478DAEDDD0D7854D5BDEFF1D452ABD5FA72ABD772AC0FD5EBF172BD5EAFC76295C752A3D797A8D452340C93108855538C4026518A1473338A1C29724C662641697DA5560EA28052C1CACCDE422E850A5A8AA02807153182A4D417E4A080DD77FD77660D3B93992493CC247B66BE9FE759CF4CE62581BDE7BFD66FAF59B3A7A000000000000000000000000000000000000000000000000000000000000000000000000000000000000000000000000000000000000000000000000000000000000000000000000000000000000000000000000000000000000000000000000000000000000000000000000000000000000000000000000000000000000000000000000000000000000000000000000000000000000000000000000000000000000000000000000000000000000000C820CBB206BCF3CE3B0BD7AE5DFB552412B156AC584173410B87C3D6AA55ABFEA6DA185EA5A0DFA0D16F80BAA751F7794E0AB0B9B9D9DABD7BB7F5E5975FD25CD45A5B5BAD952B577EAA0AF2065EA9A0DFA0D16F80BAA751F7794C8E9829405717E297EA48FA4D5EA9A0DFA0D16F80BAA751F7794CDEE2E2C5EEEEA68AF020AF54D06FD0E83740DDD3A8FB3C26EBA178A1BBBE082D5EA9A0DFA0D16F80BAA751F7146197EDF34F765AEFAC7BCCDA1CBEC76E725D6EA3482842D06FD06FD06F80BAA7EEA97BB8A008F77EDC626DFA63ADF5D71726B76B729BDC47A15084A0DFA0DFA0DF00754FDD53F7E8E722DCB1F9F90E05A8DB079B97522814615F38814D40BF41A3DFA0DFA0EE69D43D45D8497BD3FC75D22294FB28148A30C38A54B3A297A0DFA0D16FD06F50F734EA9E224CD436ADF0272D42B98F42A10833E872D53E56AD3E7A399CAAA5DFA0D16FD06F50F7B41CAF7BBFDF7F425353D3BDD3A74F5F5F5B5BDB5A595979A0B4B4D41A3D7AB4DD2A2A2A0EFDF297BFFCF89E7BEED93067CE9CB977DD75D77FA30829428AB0DF07DEE18E99B3560660FA0D1AFD06FD06754FCBD1BA9F3163C6557575757F193366CC3F5458B7962C59626DDCB8D1FE56AF43870E59DA9E3D7BAC2D5BB6582FBEF8A2357BF66C4B1EAF42FC0EF59C8AC2C2C201F95A84F2E9EF644528F7512814611F0CBC5DDD0EFA0D1AFD06FD06754FDD672B9FCFF7FDA953A76EB8F9E69BFFB170E1423B94A7E2C08103D6EAD5ABADBBEEBAEB1F959595BB6EB9E596EBF2B108B7AE6E4C5A84721F854211A659511703ACBEDF556B55AB83E6E55521E33AB98C6FBE8031B5BA3E7C867E6C4D207CA97D7BC81CE10B1A8DF67383E694CA26F358FA0D1AFD46F6F71BB9D81F50F7D47DC6D4D6D64EB8E9A69B0E3EF1C413D6BE7DFBACDE5AB76E9DA542FB81F1E3C72F292E2E3E36577AB9EE14E19E968DD6A697EA3ABED5A56E93FB28148A3003036F5703ABEB66CE7C814899AFDE3CAFDDE01C344B65409681B8E3A01EB97252C0F881DF6F0EA80A1A33E83768F41BB9D36FE4627F40DD53F71971E79D77CEBDEDB6DB0EBDFAEAAB563A7DF6D967565353D381F2F2F20F5570FF6EBE847669EFAE9FD7A108E5368A8422CCC05BDB45197A7C6607E99011944BBFDF7F448201FC0EB9AC6A089FA207709985B367D602C6D4AA467378DBEC5A64B60CDAF41B34FA8DECEE3772B13FA0EEA9FB8C04F60913267C25EBD533E5A9A79EFA6ACC98319FAAE07E665E84F62FBEB0B6FEE9C18E6F75A9DBE43E0A85224CE3C03BBC07CFDBEB86E02E6F67DB0372D018E91C88A3B735EA01DC9E498B0ECAB116308B6E0F9983E93768F41BB9D16FE4627F40DD53F769254B6264863D93815D7BEEB9E7BE50C1BD25DB67DCBB2A42F906B3B7578792AE5193FBF896338AB09F06DE3E7FCBBBD399353510CB20AC67D1AA1F889CEA0B46BC329B266F8BC7DE066F32CF5403F3F4766F9B87CCBA9AC6F059F41B34FA8DDCE83772B13FA0EEA9FBF41588CFF77D59C3BE61C306ABAFFCFEF7BFFFB0A4A4E4F96C3EB34CD2225447C43BB71AD6EB2FFE2A6901EA268F91C77214CDE0DB0345691A388B0AFA31B84F0C2E3BAE3A14192F6B52AB83C6DD6D03AF51AB06E80BE42D6F75DB258EC17C6475C8A86CBFD6D578847E8346BF911BFD46AEF607D43D759F3677DE79E7EBF2A1D3BE565555F5A1C7E399904BA1BDABA3658EA229C2340FBCE97A8BBADF66DC6B02C635D27C8DE1A132A3660FC621E3E2B69936A3C6EF7FFA48FD5819C86F6F8C0C9A180C9FAD67DCAA1A8C0B65A0A7DFA0D16F647FBF91ABFD01754FDDA7859C875D4EEB988EB3C4A4AAA5A5E5504949C9DFBD5EEF49B912DABB73B4DCD9513485C3E09BC240A907DEAFA9362E7A998AF8E7F5CB87537DC1882FD9E9D9F407D2ECB7C24391F1F2385F20D2D03623A706EAFA5503EDFB0291DF65C38750E937E837E837F2B33FA0EEA9FBB4902F4E5AB46891D55F66CE9CB95985F6FB7225B4F7B40075A370187C539CD9928153DE0EB6A2975F4B61E04DF4BC3E0FEE894ED13631B8EA643540CFAD0A9937E9B7CCEDD9B6C7CCA3E4ED6FFB9470D282C69C5BE7349F288D7E8346BF91FDFD46AEF607D43D75DF6B7EBFFF04F9E6D254BF3829CDB3EDBB5568FF5B36AE6DEFEE299C68146106DF8A1E171D40AD140660E7C0ABDBD8046FA1F30D88F41BF41BF41BF41BD43D75EF060F3EF8E07DB5B5B5567FBBF5D65BDF52C1FD4714218DC137A9640362A281B4B30138D1E31F4EF078BEBA9C7E837E837E837E83BAA7EEDD62FAF4E9EB972E5DDAEFA1BDA1A161B59B96C8A87FCB8AEE1C4450841461265E579D0CBC45290CA88906E0EE0EBC05E97ECB3B1FD06FD06FD06FE45FBF41DD53F77DA6B6B6B675E3C68DFD1EDAD7AE5DBB61F4E8D1A65BB68BFAB758D2A4183D1ECF45142145D897AFAB1E0E805D0DC0A90EBCCEBFDFCACC19FD06FD06FD06FD06754FDDF7A3CACACA037DF1654A5DD9B56BD74EF5A2DFE9B62274B4E5898EA429428A3013AFAB5EBCD59C6C003EA287036F576FB1837E837E837E23AFFB0DEA9EBAEF33A5A5A5D6A143872C379017BB8B8B307624ED2C468A9022CCC4EBAA87036F6703F05BBD18787BFBEFC9E7D04EBF41BF41BF91E3FD06754FDDF7E98BCD2DB221B43B8FA4E56D308A9022CCC4EB2A0D33548906E0DE0CBCA9BEE54E68A7DFA0DFA0DFC88B7E83BAA7EEF376A63DDB5ABA8B503AC759B366B57B0195949458CF3DF79CF5ED6F7FDBDAB46953ECBE0F3FFCD07EBCDCB675EB56EBDA6BAFB59B3CF6B4D34EB37EF39BDFB4FBDD5BB66CB11F2FCF5BB3668D356AD428BB8D1D3BD67E8EDCE77CCE2BAFBC62FDEC673F8B3D26D9E392FD3F66CF9EDDE563EEB8E30EFBFA82050BACFDFBF7C76E7FF2C927D3B64DB3ED353572E4483D48D6F7B2BC8F483053F656F4F6DEA8CFC65ACDE57EA337FD8DF42FDD7DBCD4FF59679D95D2EF774B3F40BF41BF41DDB7B5850B175A279D74525AFB8944B940EA59F717923B9CF7AD5EBDDA3AF3CC33ADC2C242BB5F39F7DC7363B9447E3EE6986308ED89B8654D7B6B6BEB872E5FD3AEDB3A75C43C5C9F533E5D45B872E54AFB853A7DFA74FBC52F2F7679314BD32F76E7202601DC344DEBC20B2FB4AEBFFE7A4BBECD560F76D2E4057FD55557B5FB1BDFF8C637ACE38F3F5E3E3F107BEC0B2FBC60FF5E797EFCBFE9E4934FB62EBBECB284C5193F98EA7FBF0EF603070EB4860D1B665F97F6ECB3CF5AA79F7E7A87DFF3F0C30FC7AECF9B372F765DFEFF793663D6EE7555D0FBAF1AEF6CC62C952F5261A6DDC5FD463A427BA21A97267D84F42FD29C752D4DD7F5A38F3E6AFF8E0F3EF8C0F5FD00FD06FD0675DF314CF7B69F880FED7279C51557D8F5F3D4534FD9070832B128B7472291768F5FBF7EBD7DB96DDB36FB521EBB77EFDED8FD8B172F26B4C79B366DDADF366FDEEC96B3C734BBB808E33BC7B4AE519317AA1C79EA9F972F5F1E7BE1CA2CBADCA76F73CEB2BFF4D24B097F5F7C6897DF2F8F7FE38D37EC4B193C65A09410AF0EDC6233E8CEF02E83E789279E68D5D4D474986997DFA307EA4403ACFC2C0720CE0386A953A7DAD7DF7DF7DDD8EFF9F18F7F6CFF1DB92E0722FAB9724623B90C0402B93EF8267C5D3906BABD195A9BDA93019835ED2EEB37D211DAE5E03CD9FDD21F48FF237D497C68970176F0E0C11D7E9F5BFB01FA0DFA8D7CAD7B999C738EE1528332D3AEF29FFDF3E38F3F6EEFDFD6D6D61EF5133243DEDCDCDCAEDF90E748FF20FDC4D1471F6D7DFAE9A71D7EA7CE234D4D4DB17ABFFAEAABDBE50C427B1C394FFBB265CB5C719E76F542BFDF8545B8C6EBF58E48F66DADE92C4279914A51C96026D7B76FDF1E0BED72B963C78ED86365B65C6E4BF6F7E343BB3C76D2A449F6EF92DFFB8B5FFCC2BE4D0A490A24D191EDA04183ECC134FE77CB01C4C71F7FDC6E864D0E0AE4285ACFA8C97D3FFFF9CFEDEBB2C446FE5F89FEBFCE19B6534E39C53E0891EB321B27B376393CF876FABAEAC50C55B2D3B3253A0B442A0330678F7169BFD1D32633E9F23AF8E637BFD9E55BE9B2342F3EB4CBA02FB51D3FF9E0D67E807E837E235FEBDE3919A77385F300B9B7FD84DC2FB3EA321928415D2E65D65D0E0EA4BF9077E69DCF979F9D1947C2BA6413F95B7A1580731293D0EEA08E7066CF9831A3DF43FB84091336A9177CA18B8AB0B3998CB416A1CC9ACBA076CE39E758A150C80EDCF2A297D02C0520F7CB40282F70FD9C3D7BF6747BA65D0A53D6A7EBE292B7B4E367B2366CD8D021B4CBDF94DB860E1D6ABFDDF5D0430F59E79F7FBE7D2947CE723DBE706580D7D7F5C180BC432033FA890A5D0E0AF45B6472B4AE6F97ED90A3836FB75E573D9CA9EAEA7CCA5FEBE1003CA480F3B4BBAEDFE86D937A93D780BC9BE65C5A17DFE4F331D2E243BBAC418D0FED6EEE07E837E837A8FBC3B3E6129CE5C03B7EAD79AAFD84E40B3DD1E85C2120CBEAF4C1BBBCFB26B7C9E3E4C05E3284FCAC738CCCB4CB418F7E47407F868FD09EC0E4C993BF3B6EDCB87FC891583F9EA37DB73A3AFDBCBCBCFCA86C2BD67415A1BC7825A0EBB7A1E56DE4F82530CEA24825B44B93A358F9BDE79D779E1DC07548771EE9EAD02EAF0509EAD274D13997C6C85BD53298C6CFFECBCF175F7C7187193619E47FFAD39FC61E277F4B3E7856E0F8E04AFC409FAB6BDA7BA1AB19ABEE7E014AAA03B07EAB7D0491DC7DFD463AD6B3CB6763E47A7766E924A84BD31F4A95E7C50FE46EED07E837E837F2BDEE0BA2EBCAA5C6A48E758E78E081077ADC4FE84947FD8E595D5D5D87A52DFAEFC8FF5FD6AFEBDFABD7BA3B6B5E96E8E8BFD5D964425ED7FD942953FEE3E5975FEEB7D0DED8D8B85E1DA5FE369F8B5096A9C407741DA4F5873E9DD7530DEDCE0FAA16383E00A28BC6B9D6DD39503B0B4AFF9C6C7D6977076B59DAA33F78E25C9AE32C5CFD7F77AE9BCFF3C1B7B399B354BFB1B0BB03B0FE7B0CBC393678EBB7BC9DEFBACD9C39B3DD6364564CD6974A4BF441D4DADA5ACBE7F3C5FA11B7F703F41BF41BF95AF7922FE45D2EF9F0A9734DBB5C97CFB4E9D977A9F954FB09E71A767D90DDD94CBBB39FD0F94366DAA57F904944FD0EBF4C2C72B09EC49D77DEE9BDE38E3BBEEA8F533FAA9D7DB0A4A4E4EFA5A5A5DFCBE722D41F14750E76FA2D2709D8EAC0AADDD16BAAA15D8E5E972E5D6ACFD4EBC291B7BCE5685B0F92897E979E91D7EBCB3A0BEDCE0FCA3A076279FB2CD1074A0AE2D6B2CA00AD0F26E4DF28FFAE741C69E7D0E0AB67CEE2DF721E5790FAF994130DC0635398A14396CFB839D797EB3AD7676ED103B634E75BD65DAD6977733F40BF41BF918F752F07BCB29FF45959F4E754E4748BCEC749DDF5A49F703E56EED71380D26F249A694F14DAE32706E33FE04EDD27A08EB676C9A77FFBDAF4E9D3378E1E3D3A94EF45A83FD8A94F8954E0F800AACCAECB8B3EFE2DA982B85328E90F99445F74F611B4F33E59D75E10FDC088FCAC8B4B96B8E83566F147DAD264FDBAAC6BD31F0ED3B3F15D85023D58273A40D10729F2A975FD78FD76985CEAB7D8F49926187C13BEE55D9460204DE50B50923D8FD33AE6706897FD9D286CEB0F87C969669D4B629C1F0E9319333DC0CA80DBD5D91DDCD40FD06FD06FE4FBC1BA6E9201BA0AC6A9F613BA767540D73943BF6BE79CFC8B7F274DF72912F4F5D25B996424B477A2A2A2E2CA5B6EB9E58084C7BEF2DA6BAF6DF57ABDFF515C5C7C2C4598BC709C47ACF15F94A4D787399B9EA5D26F69C59FAB5D66E0E58C0CF1815F8AE4820B2E48FA76BA3E07ABDA6FBD0AEDD224F817C47DE84C5F67F0EDD15BDE5F8BCE78A57A3AB6F8E71531F0E6E6E02D07E7726696CECE7D2CB3E40509CE4A256FAFEB53323ABFFC2D9BFA01FA0DFA0D42FBE10F973B97AAA5A39F903CE13CC7BA0EE27A099C7C6952B2533E4A669177FDF5C1BB9E94ECEA4B1CF3BEEEC78F1FFF4C4343C3C1BE5826A376CA3E5916A376E4E514218D224CCB009C89B7D041BF41BF41BF41BF41DD53F76E23A72BBAF1C61BDF9D376FDE814C06F6DDBB771F2A2F2FFFD0EBF5FA28421A45E88A01982F4EA2DFA0D16FD06F50F7D47D365141FAA4B2B2B23D8B162DFA325333ECD1C07E1F4548A308D336D3D59BB7A6796B9B7E8346BF41BF41DD53F7D958F77226973163C6B43CFAE8A3BBD2BD865D96C4E4C20C3B454811BA74004E75C68B0F8FD16FD0E837E837A87B5A36D7BDCCB8AB80FDBC9C5566FBF6ED5FF4F6B48E729618F9D069B6AF61A7082942174BF5AD6ADEDAA6DFA0D16FD06F50F7B45CA97B8FC7334185F78FEEBDF7DED7B76DDBB62BD56F3A6D6A6A5A27B3EBA3478F7E309BCF1243115284393600CB578CF38D85F41B34FA0DFA0DEA9E964B752F615B856EBF6A3B2A2A2ADE9A356BD61AD3345F7BFFFDF7B73B43FA9E3D7B3E5ABB76ED86868686D513264CD8E4F57A3F976F3ACDD62F4EA20829C22C55141D588B3AB9BF9581977E8346BF41BF41DDD372B8EE5508BF281AE097ABF6AE6A0755B3A26DA76A6B54BB5FB5C2F2F2F2A328421A45E8AA9933DEDAA6DFA0D16FD06F50F734EA9E22A451842E1E801978E93768F41BF41BD43D8DBAA7086914A18B07E07A065EFA0D1AFD06FD06754FA3EE29421A45E85E45B27CAD80D3B3D16FD0E837E837A87B1A754F11D22842F78A0EBEA0DFA0D16F744B7171F1D755BF71886AA5EEA97B5084348A90D04EBF41A3DF706F683F52F51B5F52ADD43D750F8A90461112DAE93768F41B2E25677F53FDC67EAA95BAA7EE91332291082F7477B7FDAA080F12DA09EDF41B34FA8DEE2B2B2B3B46F51B9F53ADD43D758F9CB16AD5AA9DBB77EFE6C5EED2D6D2D2F2EFAA08DF24B413DAE93768F41BDD575A5A7A9CEA373EA55AA97BEA1E39C3308C9FBEFCF2CB9F7CF4D147FFC98BDE5D47CC5280E17078BB6A3710DA09EDF41B34FA8DEE2B29293951F51B7FA75AA97BEA1E3945EDE4E1EAE86C9DBCAD22EBA1B2B5CD9F3FDFFE66DB6CFE3F389AEC8B372940423BFD068D7E23755EAFF724D56FB452A9D47D672D473203758FAC0C764BA5000B0B0B07B03508ED00F23AB49FA2FA8D5D6C0930B6002EE3F1782E52C577500A5075D67C99061D2B80FCEE33FE49B516B604185B00F785F6C5527CD1B68E2D42C70A20AFFB8CD3547B9F2D01C616C05D453744CFB2EBA642FC70B60C1D2B80FC5452523248F51BEFB125C0D802B8ABE8963A03BB9E6D676D3B1D2B80BC0DED67A87E631B5B028C2D807B0AAEC32CBB6E5EAF77045B888E15405E86F67F56FDC6DB6C0930B600EE29B8E589027BB4AD610BD1B102C83F5EAF77B0EA37F8A21930B6002E29B6A4B3ECAC6DA7630590D7A1FD7FAA7E63135B028C2D803B8A6D6967819D33C9D0B102C8DBD07EAEEA37FECA9600630B400182FD0AC0BD7DC6BFA8F61A5B028C2D000508F62B00F7F6194378A7158C2D000508F62B00172B2929F9A1EA37FECC9600630B400182FD0AC0A5BC5EEF50D56FFC892D01C616800204FB15807B43FB8F54BFD1CC9600630B4001C2C5FBB53A64544E0CAE3AB9BAC93CB3AAD11C5E1D342F97E60B467CFEC7CCA3F4E326058C1FF81AC343E5BADFEF3FA22A1899CDD6067222B45FA2FA8D977BF25CFA0FC61600142032BC5F6F6F8C0C6A1B5C8D3F5407CC71D501A3A23A181E96E8B132F85605CD29954DE6B1B7CE693ED11730A6CACFEA7945D541E312B63A90D5A1FD32D56F4452790EFD07630B000A107DB45FFD7E73805CCAE02997BE8039AD6D106D9B29730EC05521D323976A80BDBB2A1429F685CCBAB6E71A9364F066AB03591DDAAF50FDC64BA93C87FE83B1050005883EDEAFBEA0B9CC576F9EA706D019FAB6E8DBDBDEB6FB233EB95E1D8A8CAF09842FF5858CB9F6FD8148997A6E694DC0B886AD0E6475682F52FDC6F29E3C97FE83B1050005880CEFD7B6192F23286F6DB70DB4C6DDB1815806D4FA5503633F878C8B6F0F99836576AD2A603C10BDAD766270D971FAF900B2B6CFB856B53FA4F21CFA0FC616001420FA68BFCADBD7BE9039420654F9605875D07CFAF087C88C25B1C7852237CA2C9ACC885535844F910F904567CA1A646D6A753072255B1DC85E5EAFF7271E8FE7F9549E43FFC1D8028002441FEE571934ED3339341817AA8176A4BEDDF99675F5039153DB0FD69199FABAAC47958198AD0E6475681FA142FBE2549F47FFC1D8028002441FEDD7EAA0312B3AF8D6C8A9DB6233656A3096D3B8D9037063F82C35B05E206F6F4F0A98E7E80F9509391384DCCF5607B23AB45FAF42FB33A93E8FFE83B1050005880CEF57BFFFE923656D69553032C11E7CE366C334FBED6C35E0EA9FE53CCBBEA0F1881A786F92261F2A93B7C7D9EA405687F651AADF58D0DDC7D37F30B600A000C17E05D0F7A1DDABFA8DA7D812606C012840B05F01B837B48F51FDC6EFD812606C012840B05F01B837B48F53FDC6E36C0930B6001420D8AF00DCDB67FC5CB547D812606C012840B05F01B894D7EBBDD9E3F1FC962D01C616800204FB15807B43FB2F54687F882D01C616800204FB15807B437BA50AED4D6C0930B6001420D8AF00DC1BDA27AAD01E644B80B105A000C17E05E0DED0EE53A1BD9E2D01C616800204FB15807B43FBED2AB4CF664B80B105A000C17E05E0DED0FE4B15DA7FCD9600630B400182FD0AC0BDA17DAAEA37FE952D01C616800204FB15804B793C9E692AB8DFCB9600630B400182FD0AC0BDA1FDFFAAD07E375B028C2D000508F62B009792C02EC19D2D01C616800204FB15807B43FBBDB244862D01C616800204FB15807B43FB7D2AB4DFC99600630B400182FD0AC0BDA17D960AED93D912606C012840B05F01B837B4FF9B0AED356C0930B6001420D8AF00DC1BDA1B5468AF624B80B105A000C17E05E0522AB00755709FC89600630B40012273FB70A9ECC72EDA3AB614804E427B930AED956C099019000A1099DB8743543BD859685703F270B614804E42FB432AB4FF822D013203400122B3FB717927A17D4D6161E100B612804E42FB6F5568BF992D013203400122B3FB7148B2D0AE06E2116C21009D51FDC4A32AB8DFC896009901A00091F97D99686DFB3A66D9017423B43FA142FB58B604C80C000588CCEFCB0E6BDB59CB0EA09BA1FD49D55F94B2254066002840F40135E82E66961D400F42FB7CD57F8C664B80CC005080E89BD07E91632D7B115B044037C78205AACF18C596009901A000D177FBD45EDBCE2C3B80140EF89F51A1FD7AB604C80C000588BEDBA743D8AF00520CED8B39D314C80C0005E87A96650D78E79D7716AE5DBBF6AB482462AD58B182E682160E87AD55AB56FD4DB531BC4A818C86F6E75568FF095B0264068002743509ECCDCDCDD6EEDDBBAD2FBFFC92E6A2D6DADA6AAD5CB9F25315E06FE0950A642CB4BF505252720D5B02640680027435996127B0BB3AB87FB962C58A3779A502190BED2FAAD07E155B0264068002743559124338767753A1FD20AF542033BC5EEF8A51A3465DCE96009901A0005D4DD64F138C5D1FDA79AD02990BED860AED97B22540660028C09C08ED9F7FB2D37A67DD63D6E6F03D7693EB721BA19AD00E64F958F0B20AEE97B02540660028C0AC0FED7B3F6EB136FDB1D6FAEB0B93DB35B94DEE235813DA812C1E0B9A5568FF115B0264068002CCFAD0BE63F3F31D02BB6E1F6C5E4AB026B403D93C16FC4985F6A16C099019000A30EB43FB9BE6AF938676B98F604D6807B2782CF8734949C90FD9122033001460D687F64D2BFC4943BBDC47B026B403593C16AC57A1FD076C099019000A90D04E23B4032EE5F178FEA242FB796C099019000A30EB43BB9C2D26596897FB08D68476208B43FBC6D2D2D2FFC596009901A000B33EB46F5DDD9834B4CB7D046B423B90ADBC5EEFE6E2E2E2B3D9122033001460D687F63D2D1BAD4D2FD5755C1AA36E93FB08D68476208BC7823755701FCC96009901A000B33EB44B7B77FDBC0EA15D6E235413DA812C1F0BDE2E2929F967B604C80C000598FDA1FD8B2FACAD7F7AB0E3D218759BDC47B026B403593C166C53A1FD0CB604C80C000598D5A15DBEF1F4EDD5A1A46BDAE53EBE1595D00E64F158F09E0AED83D81220330014607686F62FBEB0766E35ACD75FFC55D2C0AE9B3C461ECBAC3BA11DC8C2B160476969E9F7D8122033001460D685F6AE66D7997527B4033934167C3866CC98816C099019000A30EB427B7766D73B9B75276813DA812C1A0B3E2A2B2BFBAF6C099019000A30EB427B4F03BB6E046D423B904563C1DFC68E1DFB1DB604C80C00059875A19D466807F285C7E3F9B8A4A4E444B6047A9219AA82C624BFDF7F44659379ACFD73C8B8AE26605C53FD40E454BFDF1CA01F571D8ADC58D5680EAF0E9A97DBF707C3C3E4BA2F688C94C7B28501423BA13D0F42BB7A2D0F51C16331AF66A04763C1A7A5A5A5C7B125906A6698185C75B20ADD8F4870F7D59BE7A9EB8D72BDAA217C8ABE8C85F6A071775BC03707F80291B28AB94BBF25615F6E974BB630406827B4E7706897B0AEDA52D50EF27A067A3C167C5E5656760C5B02A966065FD02C3D1CCAC3C364365DDDB6CC178C78AB434665EC3E75BB0AE797F842C65C995DAF0A45E64F0A98E7D8D783C60CB62E406827B4E768688F0FEBBAF16A067A3416EC2F2F2F3F8A2D81543243757DF80C15C26BDB96B844BC32CBDE3ED01B73E4323A1BBF4496CF5405CD29F67D8DE1A1F2BCE8737D6C5D80D04E68CFB1D0EEF1782E926530F1619DD00EF46A2C38505151F10DB60452C90CF692989059675F06CDD2AA80F1800EE2B2AE5D96C0D8E13E181EA6C27DB0EDBAF9B43C5696C6C8CCBBDC27EBDBD9BA00A19DD09E236DFEFCF956A29975423B9096B1E02BD61423D5CC10BF1EDD1734FE109B3DB767E08D4B0E07FCC884EA26F34C75DF7409ED32EB2EB3F3EAF6D96C5980D04E68CFA1D65950A7D168BD6F8C04E8496690F5E8BEFA5503AB1AC2E74A08D7B7FB02468DDFFFF491B19F4346D01732474C0C86CF8EDD163456C8121BB62C4068777D686F6D6D95ED6F2D5CB8D0DAB76F9F3568D020EBB2CB2EB3C68E1D6BB7E79E7BCEBE3FFE7972DBCC993393FE9CAC2D5EBCD83AEDB4D392DEFFC61B6F585BB66C49F8F71E7FFC71572C8F19356AD4E5EA75BB86E00100FD9F19AA83C66A7DDA4659A7EE08E47362C1BE217C8A2C9591D9F7C3F7DBCB697E2FCB68D8B200A1DDF5A15DDA2BAFBC620D1C38D0DABF7FBF1D8E2538CB6528148A0566FDD80B2EB82016E41F7DF451EBA4934EB2D6AF5F6FFF7CEDB5D7C6EE93DFA19F73CC31C758575D75957D5F6D6DAD75E289275AD3A64D8B3D76CD9A351D02BAFC9B229188555252D2EEEF3DFBECB3F6F50F3EF8A0DF3F88EAF57A8BD4EBB799D00E00FD97196A02E14BED601E8C4C882D930918539D678E9135EB2AB85F206790B9BD31324882FA6D8DE1EF4443FFDD358DE1B3D8BA00A1DDF5A13D3E30CF9B37CFBE2C2C2CB49A9B9BDB85F6AD5BB7DAB3E53A440F1D3AD45ABA74A9F5E4934FC69EBF60C1820EBFF3A9A79EB2AF4B0097D97CE77DF18F5FBD7A75EC5D00F9373843BB5C4A9877D3291FA333EFCD8476002033001420A13DED4D66AB25101F7DF4D17638D721FAA1871E8A8564996D7786763D5BAEC3FDD7BFFE756BFAF4E976A095B02DB74BB08F0FEDE79F7F7ED29976D334634B63F46D3B76ECB0AF5F7FFDF5B1DB9CD7F573DCF4E54AD199F735BC9A0180CC00508084F6B436BD2446969DE8802D33E9F1A15B5F7FF7DD77ED5975B9ED9C73CEB143B4DCBE67CF1EFBB651A346259CBDD7B3E99DCDB4CB9A7A7DDBC68D1BED9F4F3DF554EB8A2BAEB09FA70F3024D0BBF11B5101006406800224B46774498C0EEA05D1A52C1290659DFBAE5DBBDA85F60B2FBCD07AE1851762EBCACF3AEB2C7B798C7C48547FA8559A3C2FD5D0EEBC4D3E18ABAFCBDF747E2856BF2B406807003203000A30AF42FBA64D9BAC4F3FFD34B63446CF9CCBED3AB4CB0CB7CC7E4B7896FD2697A79F7EBA555959695FD71F128D5F735ED0CDE531CEC7CB4CBBCCEACBF5952B57260CF4847600203300A000F32AB44B581F3C7870EC83A732FB2D973A38C72FA99133BEC8A50EDE7229EBDBF50752E37FBF0EF2F133ED0F3FFC70C2C71F7FFCF1B1597EF9302A33ED000032034001E67D6897E52D722933E972B97DFB76EBA5975EEAB0A6DDF99C0D1B367408E15DB5EE3C5E7EB7BC2EF475BDDE9E9976002033B015000A306F43FBDEBD7BED2F3492A530CEDBF5F9D7E5DCEC89CED32E41BFAEAECE3E57BB5EEEA2C3BFAC6F4FF4B76499CCB061C3BAFCC2276748977F9BAC9FD7A7A274AE9727B40300990100059817A13DD5B3CD64C3BF93D00E006406001460DE86F67C6E8476002033001420A19D604C6807009019000A90D04E23B4030099010005486827B40300C80C00054868A711DA0180CC00800224B4D308ED00406600400112DA09ED00003203400112DA69847600203300A00009ED847600009901A00009ED34423B0080CC00508084761AA11D00C80C002840423BA11D004066002840423B8DD00E0064060014601F884422046377B7FD2AB41FE4950A0064068002CC63AB56ADDAB97BF76EC2B14B5B4B4BCBBFABD0FE26AF540020330014601E330CE3A72FBFFCF2271F7DF4D17F1292DD35C32E813D1C0E6F57ED065EA90040660028C03CA742E1F0152B56AC936518B27E3A9B9BECD76CFF3F449BEC8B3709EC004066002840B05F0100606C012840B05F01008C2D002840B05F01008C2D000508F62B0080B105000508F62B0080B1050005C87E050080B105A000C17E050030B600A000C17E050030B6001420D8AF000030B6001420D8AF0000C616001420FB150000C616800204FB1500C0D802800204FB1500C0D80250801420FB150000C616800204FB1500C0D802800204FB1500C0D802508060BF0200185B00508060BF0200185B005080EC570000185B000A10EC570000630B000A10EC570000630B400182FD0A0000630B400182FD0A00606C014001B25FD90A0000C616800204FB1500C0D802800204FB1500C0D802800264BF0200C0D802508060BF0200185B00508060BF0200185B000A10EC570000630B630B400182FD0A00606C014001B25F0100606C012840B05F01008C2D002840B05F01008C2D000508F62B00008C2D000508F62B0080B1050005C87E65BF0200185B000A10EC570000630B000A10EC570000630B000A90FD0A0000630B400182FD0A00606C01400182FD0A00606C012840B05F0100606C813BDD1E3207D704C297D6048C6BAA03665155C8F45407CDE9FEC7CCA39C8F9B185C75B22F18F1C63F5F9E1BFF58CD17341A13DD5ED5103E57B553DADD1634A7F8FDFE232840B05F01008C2D405CE05601FD726912C8AB83C6DDFA6709EEF21809D2FAB6AA5064BE7A9C4F027CDB638D4BECA01F0DE0B7374606D9E15F1EAF6EF7858CB96DCF8D5CE90B9923F4DFAD98BBF45B12E8E5F187FFBEF9BCFD375478BFAD31FC1D0A1009F6E152D98F5DB4756C2900009901394502B984693B3487CCBAEA50647C349C173B1F2733E3BE7AF3BCEA607898DD1E889C2A33F2F1BFAFED778587B51D1018D7488BBFAEFFAECCF0FBFDE68058C00F1A73541B290702142092ECC321AA1DEC2CB47B3C9EE16C290000990139C7173497B5CD741B8FC466D4839109CEC01E9D29AFF3058CA932D35E1D302A6446DC7E5E2072875E1E63DFA6027874767DA684FFB6DF67CCD0B3E7BEC6F05075707063757DF88C586097DF1B326AF54CBBDFFFF491142092ECC7E59D84F63585858503D84A008014C615DEC585FBD53486CF92701D0DED4FE8C05ED568C6662B65463C7AFF1C09EFD521A3D20EEA324BAF2E9DBFAF3A68CC3A7C3070783DBBF37ADBECBE1194EB1383CB8E3B1CF2ED0380B24CAD6B27B4E74CE73A2459A7EAF57A47B08500003D1857781717EE26CB5C647DBA5C97D9707DDBAD739A4F743E4E85EC8B658DBBAF7ED5C0B69FCD3AFB3901E381B8C7CD8D057015CCE3D7C7C71E170DFBB26446CFB0B78576735A068B92D09EDBB322EB98650700F4705CE15D5CB857DB874963A15A3E88FA5BBD9E5D66BFF5E3DA96B81897C8074F256CDBD74346A52C89A90A9937B53B080898E31CC1BC21F63B1C33F7F67D41A35166F9E5F9B10FAE4697D110DAD193591166410000BD1C57781717EE23B3E9FAAC2E7A494CBB19EF90593729609E2333EE12B8E56C2FB2D65CCEF6A282F52459C212FFE152A79AA695A7253A3DA41DD8EB570DAC0E18CFC8EF77067B398848F4E156423B1251217D31B3EC008034E604DEC585FB7477DDB884F6E81AF4DAEA26F34C9965D71F3AF505CD5259939E30B4AB305FD510BE20D17D1383E1B3E55493F6C143C0A8904B3BC0CB9A7975304168473743FB458E599022B60800A0973981777101971423A13DF7F6A93D2BC22C0800201D78171720B42333FB74C8C89123D9AF0080748576DEC50508EDC800E950ADE8250000E9C80BBC8B0B10DA914697ABF6B16AF5D14BD61D0200BACDEBF59EE4F178543C187DBF6AA66A3BE23E84BA534EF7A81EF35BF5D89BD5F5EFB3D500423B7A16D875509799F656823B00A02BA3468DBA3CBA767D7F37BE09D5D9E443AA6B542B67161E20B423F5C0DED5ED0000E8B3C3AC4B31A8276B6FCAEC3B5B1520B423B1A22E82B9BE9F35EE48CA173247C87749C47E0E1A23E5CBDE923DDEEF7FFAC8F86F7F8E3DB77ED5C0DB1AC3DFD13FCBE96CE5FB2FE21F27A7B395EFA1F0058CA99302C60FE4BAE38BEDBCFA9BA90164860AD8F7C59FCEB1B4B4D4BAEFBEFBAC850B175A9B376FB676EEDC69EDDFBFDF12070E1CB076EFDE6DBDFDF6DBD6A2458BECC7959595250AEFCBD5EFF91E5B1820B423F540CE8C3B0A3A0BE02A38D7B4056EF3BC68687ECC0ED001A342C2BC7C3F85F3DBA2AB4391F1F26DCDB190AD9E2FDF37D1F6FBFC47F882E632F9E239B94FBEA342BEF1B9ED4BEBCC29FA7B2DE4EF56078D59B18380606482FE37A9EBB3D93340661417171F1B5DAF1E0BDAE5E5E5D6934F3E6987F254ECDBB7CF5AB26489E5F3F9ACB873B97FAC2E0BD9DA00A11D87837851861E8F3C51158A14FBFDE60099F1D6815AC275FCE3EC6F7F6E3487B70575E36E5F2072870EF0954DE6B1CEC74A8097A02FD7D563A6CBEF95BFA1EF972F8F6BFBA66963AE3CDF0EF6CE6FA056FF16F60C90B1C0DEEC0CD8B5B5B5F68C7A6F1C3A74C85AB66C993D53EFF8DD7B55BB81AD0E10DA09ECA9CF9CCBF3F612DC7138B0DB4B52A64B08B7BF85393AD3AE82FC7C09D2D20E3FD6B84EFF2C4B63F4B748EBD9F2B6EB912BABEBC367C8B745CB0CBDFCFE8AB94BBFA567D5F573E4323A13FFB4FC2C0700F2FB0F2F8F311AD93B4046C6FD7633ECB20C460277BAB4B4B45893274F7606F7FD7C832A406827B0F7CFF39143ECA52C8DE1A1B787CCC16D3F9B49CFFEE00B467CB175E701E319C7FAF3C7F4632606971DA7C37E75C8A894252F725DD6ACCB3A793DFBDE16D4CD69D2E48041877996C50099135DC31E0BD46BD7AEB53241D6C0CB7A77E78CBBFADB83D90300A13D9F74F5A1D3BEFE3DC872BE40A44CD6A6CB8745E5C3A312AC0F2F5189943997BDC83296B6F5EAC61CD59EA80E9845F67AF87AF33CE7EF94607F78665DDD1F326AE577C9074F0F87FBF0D912D6E577C8AC7CDBDF8C5CA91ED720CFAF6A089FCBDE01D23ADE0F717EE85466D833493EB43A63C68C76E7779773C0B32700427B3E05F6742D6D61C61D05CE206DFF1C8CCC8C057A15B69DF7C92CBC046D59D622F7A9707D93FEF0695B105F769CAC859770DF7640604E538FBB5866DA9D33E86D813E72A57ADC8D72FDF06D6D1F5A65AF00E9E7F178FEE25CC39ECE2531C97CF6D967D62DB7DCE2FC706A3D7B0220B4E7BAF80F917E4DB571D1CB54C43F8F0FA7E6B1B6106E7FA8F412592263AF450F1AB3F4F2169981D78F95F5E9FA03A76D1F1A3547D8213F10F99D047D7DBA48757B5DDBA91C23C53283EE0B9AA512E665A98CFD7B02E14BF5121959B72EBF4FCFECCBDF930FBADAA79B548F630F01E9215F9CE43C4B4C6F3F749A8A575F7D35FE83A9DF678F0084F65C0FECC31DC1FB11D5ACE86577837BB2E711DCF3948467E7D21699FD960FA3EA402F815B0776BDE6DD0EDB814899F3E7AA06E3C2C3BFC3B85B7ED6E7789775F06DE1DE78C69E85570708B1C74667E4F57A7600191BEB97EAE02CA775EC6BB367CF7606F7FBD92300A13D1F02BB18170DDE560AC1DD19D8751BEBB89F35EE009083641DB99CC1457F7152AAE7614F876DDBB6B53B7F7B7979F909EC1980D09E4B9205E94401BCB3E09EE8F10F27783C6BDC0120C7A8903C5A076639A34B7F717EF9923A9018C19E0108EDB916D88B5208E289827B77037B7C7067A90C00B89C0ABF2B54FB5117E3FCFD7D75C698CE2C58B0800FA40284F69CD3DDE0DC55704F35B03BFF7E6B0133EE00E0FA313C3A73BD4205E18B923C26F6654A5BB66CE9B7D02EE78477FE7BD97B00A13D57027B770373B2E07E440F03BBC61A7700C892D0EE68CBE367DED56D3BF4FD7D79D69878EFBFFF7EBB73B6B3F700427B3E05F6CE82FB5BBD08ECBDFDF70000FA27B4C766B2757877DE2EDF54DA5FE4CB969CFF16F61ED0B382FF2AFA2D695FA8B62F7A1ED54F54DBA35AAB6ABB54FB307AB4FE9E6AEFA8B655B5B7547B43B5D755FBAB6AAFA9B65EB53FABF627D5FE9FEA3456AA66A8EB61D5FE28B300AAFD41B5E73C1ECF62D59E51F73FADDA7CD59E54B7CF53ED31D51E56ED37AA3DA81ED3A45A50D6C0A9C7FC9B6AB3D4ED33559BA1DA3DAAF955AB55F74F53ED4ED526ABC7DCAE9A4FB589EABEDB541BAF5A856A37A956AE1E3356B5526F9B51AA5DAF6EFF996AD7A9DB87AB76B56A57CAB96D55BB54B51F4B07A8DA50F5980BA3DF2CF72FEA31FF5BB5738A8B8BCF56EDBFAB76664949C919AA0D2A2D2DFD9E7ACC3FA9E79CA26E3F59B5FFA2DAF1D75D77DDB77FF2939F7CABBCBCFCA88A8A8A6F444F77D7DB99ED44C1BD37813D3EB8B3C61D00B224B43B67DE9D3FF737423BD04B121A0B0B0B075C7DF5D5DF9430A982E5B1122E2564CAA9A224748E193366A0845009A3EAF6D3259CAAB07A966AFF4342AB7ACCB91262D5FD3F50ED87126E55D0BD58C2AE845E75DFFF9110AC6E2F52D7AF95702C9F1E97B0AC6E2F964FB74B8856B79749A88E86EB5B246CABC7544AF89610AE1E5323A15CDD3E45B55F495857AD4EC2BBBAFF5ED5EE9350AF1E335B42BE847D755FA3847FD5E6460F061E538F79227A90F0946A0BE4E0415D2E928389E8F96C97C9414674B6C290830FF57373F46064AD6AEBA207291BE4A045DDBF59B52DD183996DD1831B39C869891EF4EC8E1E047DA21EF759F4E0484EC175207AD0241D586F3F9823E13F7E86FDADE8EDBD51DF8D818146A3D1682E6FCCB40340EF7575B698DECCB4A7F2054CCCB40340F6CFB4AF93778D65428E35ED00907E1290F71664664D7B4F823B6BDA0120BB427B2CAC3B1EC3D963002043C13D9599ED64A7754C74F69854823B678F0180EC09ED6B64C9A933AC3B1E1372C379DAE56F3BFEBD21F61E805C0AEE5D05E6AECEC39EEA37A76A430A384F3B00644368EF30B31E4F85F9316EF846D4C993273B43FB0DEC3D00B9A2AB99EEEE7E7152AAC15D2FD1E12BA601200744CF6426273EB0D475EBB3CF3EEBEFF5ECFBE52417EC1900B924D98C7BAADF74DADDE0AEFF1E811D007288735DFBA2458BFA3CB43FF8E083CED0FE187B04402E9219F7F8A52AE30A523F0F7BA2E03E36EEEFB0861D00729073894C6565659F9EFAB1A5A5C59EE1D77FBFA4A4E43CF608805C0EEECE0FA73A03782A5F9C94EC799CD611007258F4D48FAFEBE0BC64C9923E0BEDF7DC734F2CB0CB972AB23700E4BAF8A53212B8C716A47E1AC7F8E7F5F6FCF000802CE09C6D9799EFF7DE7B2FE3817DD9B265CE653107E5CB18D91300F231B8F756A2A53700801C15FDC66F3B44D7D4D458FBF6EDCB58605FBD7A75BB6531F20DE7EC010004F7FE3F000000B85C7171F17755786ED5417AC68C19D68103073212D8CBCBCBF9F02980BCD7DB252D2C8901803CE5F1782E52ED631DA865CDF99E3D7BD2BA24266E867DB93A5838962D0F20DF837BAA33E57CE81400F29C7C7BAA3E77BB3499155FBB766DAFCF12535757E70CEB047600880BE0C333F47800408E1A356AD4E52A54EF75866CF9C6D42D5BB6A4FCC549721EF6B8D9757B490C811D00520FE2430AF8A653008083D7EB1DACC2F58EB8B06D4D9C38D19A3F7FBED5DCDC6C9F6546AF7B974B09E9322BBF70E1426BCA9429F141DD3E4B0C1F3A0580C48AA281BCA893FB5B09EC008078321BAEC2FB7DF1B3EE3D69721E764EEB08009D4B36E3CE92180040974A4B4BBFA782F774E78754BBD9646DFC637CD32900F43CB813D8010029292F2F3F2ABADEFD7EF9206982E5333BBD5EEF0A751952017FB4BA7E125B0D007A1EDCEB09EC000000807BC91A76AB80D33A02000000AE76029B0000000000000000000000000000000000000000000000000000000000000000000000000040AAFE3F4E9B1CC9CCC1EE1C0000000049454E44AE426082, '1');
INSERT INTO `act_ge_bytearray` VALUES ('67502', '1', 'E:\\eclipse-workspace\\JPS_new_workspace\\.metadata\\.plugins\\org.eclipse.wst.server.core\\tmp0\\wtpwebapps\\jps\\WEB-INF\\classes\\activiti-bpmn\\leave.bpmn', '67501', 0x3C3F786D6C2076657273696F6E3D22312E302220656E636F64696E673D225554462D38223F3E0A3C646566696E6974696F6E7320786D6C6E733D22687474703A2F2F7777772E6F6D672E6F72672F737065632F42504D4E2F32303130303532342F4D4F44454C2220786D6C6E733A7873693D22687474703A2F2F7777772E77332E6F72672F323030312F584D4C536368656D612D696E7374616E63652220786D6C6E733A61637469766974693D22687474703A2F2F61637469766974692E6F72672F62706D6E2220786D6C6E733A62706D6E64693D22687474703A2F2F7777772E6F6D672E6F72672F737065632F42504D4E2F32303130303532342F44492220786D6C6E733A6F6D6764633D22687474703A2F2F7777772E6F6D672E6F72672F737065632F44442F32303130303532342F44432220786D6C6E733A6F6D6764693D22687474703A2F2F7777772E6F6D672E6F72672F737065632F44442F32303130303532342F44492220747970654C616E67756167653D22687474703A2F2F7777772E77332E6F72672F323030312F584D4C536368656D61222065787072657373696F6E4C616E67756167653D22687474703A2F2F7777772E77332E6F72672F313939392F585061746822207461726765744E616D6573706163653D22687474703A2F2F7777772E61637469766974692E6F72672F74657374223E0A20203C70726F636573732069643D226C6561766522206E616D653D22E4BA8BE581872220697345786563757461626C653D2274727565223E0A202020203C73746172744576656E742069643D2273746172746576656E743122206E616D653D22E5BC80E5A78B222061637469766974693A696E69746961746F723D227374617274557365724964223E0A2020202020203C657874656E73696F6E456C656D656E74733E0A20202020202020203C61637469766974693A666F726D50726F70657274792069643D2273746172744461746522206E616D653D22E8AFB7E58187E5BC80E5A78BE697A5E69C9F2220747970653D22646174652220646174655061747465726E3D22797979792D4D4D2D6464222072657175697265643D2274727565223E3C2F61637469766974693A666F726D50726F70657274793E0A20202020202020203C61637469766974693A666F726D50726F70657274792069643D22656E644461746522206E616D653D22E8AFB7E58187E7BB93E69D9FE697A5E69C9F2220747970653D22646174652220646174655061747465726E3D22797979792D4D4D2D6464222072657175697265643D2274727565223E3C2F61637469766974693A666F726D50726F70657274793E0A20202020202020203C61637469766974693A666F726D50726F70657274792069643D22726561736F6E22206E616D653D22E8AFB7E58187E58E9FE59BA02220747970653D22737472696E67222072657175697265643D2274727565223E3C2F61637469766974693A666F726D50726F70657274793E0A2020202020203C2F657874656E73696F6E456C656D656E74733E0A202020203C2F73746172744576656E743E0A202020203C757365725461736B2069643D226C6561646572417564697422206E616D653D22E983A8E997A8E9A286E5AFBCE5AEA1E689B9222061637469766974693A63616E64696461746555736572733D22237B7573657249647D222061637469766974693A63616E64696461746547726F7570733D22237B726F6C65737D223E0A2020202020203C657874656E73696F6E456C656D656E74733E0A20202020202020203C61637469766974693A666F726D50726F70657274792069643D2273746172744461746522206E616D653D22E8AFB7E58187E5BC80E5A78BE697A5E69C9F2220747970653D22646174652220646174655061747465726E3D22797979792D4D4D2D646422207265616461626C653D2266616C736522207772697461626C653D2266616C7365223E3C2F61637469766974693A666F726D50726F70657274793E0A20202020202020203C61637469766974693A666F726D50726F70657274792069643D22656E644461746522206E616D653D22E8AFB7E58187E7BB93E69D9FE697A5E69C9F2220747970653D22646174652220646174655061747465726E3D22797979792D4D4D2D646422207265616461626C653D2266616C736522207772697461626C653D2266616C7365223E3C2F61637469766974693A666F726D50726F70657274793E0A20202020202020203C61637469766974693A666F726D50726F70657274792069643D22726561736F6E22206E616D653D22E8AFB7E58187E58E9FE59BA02220747970653D22737472696E6722207265616461626C653D2266616C736522207772697461626C653D2266616C7365223E3C2F61637469766974693A666F726D50726F70657274793E0A20202020202020203C61637469766974693A666F726D50726F70657274792069643D226C6561646572417070726F766522206E616D653D22E5AEA1E689B9E6848FE8A7812220747970653D22656E756D222072657175697265643D2274727565223E0A202020202020202020203C61637469766974693A76616C75652069643D227472756522206E616D653D22E5908CE6848F223E3C2F61637469766974693A76616C75653E0A202020202020202020203C61637469766974693A76616C75652069643D2266616C736522206E616D653D22E68B92E7BB9D223E3C2F61637469766974693A76616C75653E0A20202020202020203C2F61637469766974693A666F726D50726F70657274793E0A2020202020203C2F657874656E73696F6E456C656D656E74733E0A202020203C2F757365725461736B3E0A202020203C73657175656E6365466C6F772069643D22666C6F77312220736F757263655265663D2273746172746576656E743122207461726765745265663D226C65616465724175646974223E3C2F73657175656E6365466C6F773E0A202020203C6578636C7573697665476174657761792069643D226578636C75736976656761746577617931223E3C2F6578636C7573697665476174657761793E0A202020203C73657175656E6365466C6F772069643D22666C6F77322220736F757263655265663D226C6561646572417564697422207461726765745265663D226578636C75736976656761746577617931223E3C2F73657175656E6365466C6F773E0A202020203C757365725461736B2069643D226872417564697422206E616D653D22E4BABAE4BA8BE5AEA1E689B9222061637469766974693A63616E64696461746555736572733D22237B7573657249647D223E0A2020202020203C657874656E73696F6E456C656D656E74733E0A20202020202020203C61637469766974693A666F726D50726F70657274792069643D2273746172744461746522206E616D653D22E8AFB7E58187E5BC80E5A78BE697A5E69C9F2220747970653D22646174652220646174655061747465726E3D22797979792D4D4D2D646422207265616461626C653D2266616C736522207772697461626C653D2266616C7365223E3C2F61637469766974693A666F726D50726F70657274793E0A20202020202020203C61637469766974693A666F726D50726F70657274792069643D22656E644461746522206E616D653D22E8AFB7E58187E7BB93E69D9FE697A5E69C9F2220747970653D22646174652220646174655061747465726E3D22797979792D4D4D2D646422207265616461626C653D2266616C736522207772697461626C653D2266616C7365223E3C2F61637469766974693A666F726D50726F70657274793E0A20202020202020203C61637469766974693A666F726D50726F70657274792069643D22726561736F6E22206E616D653D22E8AFB7E58187E58E9FE59BA02220747970653D22737472696E6722207265616461626C653D2266616C736522207772697461626C653D2266616C7365223E3C2F61637469766974693A666F726D50726F70657274793E0A20202020202020203C61637469766974693A666F726D50726F70657274792069643D226872417070726F766522206E616D653D22E5AEA1E689B9E6848FE8A7812220747970653D22656E756D222072657175697265643D2274727565223E0A202020202020202020203C61637469766974693A76616C75652069643D227472756522206E616D653D22E5908CE6848F223E3C2F61637469766974693A76616C75653E0A202020202020202020203C61637469766974693A76616C75652069643D2266616C736522206E616D653D22E68B92E7BB9D223E3C2F61637469766974693A76616C75653E0A20202020202020203C2F61637469766974693A666F726D50726F70657274793E0A2020202020203C2F657874656E73696F6E456C656D656E74733E0A202020203C2F757365725461736B3E0A202020203C73657175656E6365466C6F772069643D22666C6F773322206E616D653D22E5908CE6848F2220736F757263655265663D226578636C7573697665676174657761793122207461726765745265663D2268724175646974223E0A2020202020203C636F6E646974696F6E45787072657373696F6E207873693A747970653D2274466F726D616C45787072657373696F6E223E3C215B43444154415B247B6C6561646572417070726F7665203D3D20747275657D5D5D3E3C2F636F6E646974696F6E45787072657373696F6E3E0A202020203C2F73657175656E6365466C6F773E0A202020203C757365725461736B2069643D226D6F646966794170706C7922206E616D653D22E8B083E695B4E794B3E8AFB7222061637469766974693A63616E64696461746555736572733D22237B7573657249647D223E0A2020202020203C657874656E73696F6E456C656D656E74733E0A20202020202020203C61637469766974693A666F726D50726F70657274792069643D2273746172744461746522206E616D653D22E8AFB7E58187E5BC80E5A78BE697A5E69C9F2220747970653D22646174652220646174655061747465726E3D22797979792D4D4D2D6464222072657175697265643D2274727565223E3C2F61637469766974693A666F726D50726F70657274793E0A20202020202020203C61637469766974693A666F726D50726F70657274792069643D22656E644461746522206E616D653D22E8AFB7E58187E7BB93E69D9FE697A5E69C9F2220747970653D22646174652220646174655061747465726E3D22797979792D4D4D2D6464222072657175697265643D2274727565223E3C2F61637469766974693A666F726D50726F70657274793E0A20202020202020203C61637469766974693A666F726D50726F70657274792069643D22726561736F6E22206E616D653D22E8AFB7E58187E58E9FE59BA02220747970653D22737472696E67222072657175697265643D2274727565223E3C2F61637469766974693A666F726D50726F70657274793E0A20202020202020203C61637469766974693A666F726D50726F70657274792069643D2272654170706C7922206E616D653D22E698AFE590A6E9878DE696B0E794B3E8AFB72220747970653D22656E756D222072657175697265643D2274727565223E0A202020202020202020203C61637469766974693A76616C75652069643D227472756522206E616D653D22E9878DE696B0E794B3E8AFB7223E3C2F61637469766974693A76616C75653E0A202020202020202020203C61637469766974693A76616C75652069643D2266616C736522206E616D653D22E58F96E6B688E794B3E8AFB7223E3C2F61637469766974693A76616C75653E0A20202020202020203C2F61637469766974693A666F726D50726F70657274793E0A2020202020203C2F657874656E73696F6E456C656D656E74733E0A202020203C2F757365725461736B3E0A202020203C73657175656E6365466C6F772069643D22666C6F773422206E616D653D22E68B92E7BB9D2220736F757263655265663D226578636C7573697665676174657761793122207461726765745265663D226D6F646966794170706C79223E0A2020202020203C636F6E646974696F6E45787072657373696F6E207873693A747970653D2274466F726D616C45787072657373696F6E223E3C215B43444154415B247B6C6561646572417070726F7665203D3D2066616C73657D5D5D3E3C2F636F6E646974696F6E45787072657373696F6E3E0A202020203C2F73657175656E6365466C6F773E0A202020203C6578636C7573697665476174657761792069643D226578636C75736976656761746577617932223E3C2F6578636C7573697665476174657761793E0A202020203C73657175656E6365466C6F772069643D22666C6F77352220736F757263655265663D226872417564697422207461726765745265663D226578636C75736976656761746577617932223E3C2F73657175656E6365466C6F773E0A202020203C757365725461736B2069643D227265706F72744261636B22206E616D653D22E69CACE4BABAE99480E58187222061637469766974693A63616E64696461746555736572733D22237B7573657249647D223E0A2020202020203C657874656E73696F6E456C656D656E74733E0A20202020202020203C61637469766974693A666F726D50726F70657274792069643D2273746172744461746522206E616D653D22E8AFB7E58187E5BC80E5A78BE697A5E69C9F2220747970653D22646174652220646174655061747465726E3D22797979792D4D4D2D646422207265616461626C653D2266616C736522207772697461626C653D2266616C7365223E3C2F61637469766974693A666F726D50726F70657274793E0A20202020202020203C61637469766974693A666F726D50726F70657274792069643D22656E644461746522206E616D653D22E8AFB7E58187E7BB93E69D9FE697A5E69C9F2220747970653D22646174652220646174655061747465726E3D22797979792D4D4D2D646422207265616461626C653D2266616C736522207772697461626C653D2266616C7365223E3C2F61637469766974693A666F726D50726F70657274793E0A20202020202020203C61637469766974693A666F726D50726F70657274792069643D22726561736F6E22206E616D653D22E8AFB7E58187E58E9FE59BA02220747970653D22737472696E6722207265616461626C653D2266616C736522207772697461626C653D2266616C7365223E3C2F61637469766974693A666F726D50726F70657274793E0A20202020202020203C61637469766974693A666F726D50726F70657274792069643D227265706F72744261636B4461746522206E616D653D22E99480E58187E697A5E69C9F2220747970653D22646174652220646174655061747465726E3D22797979792D4D4D2D6464222072657175697265643D2274727565223E3C2F61637469766974693A666F726D50726F70657274793E0A2020202020203C2F657874656E73696F6E456C656D656E74733E0A202020203C2F757365725461736B3E0A202020203C73657175656E6365466C6F772069643D22666C6F773622206E616D653D22E5908CE6848F2220736F757263655265663D226578636C7573697665676174657761793222207461726765745265663D227265706F72744261636B223E0A2020202020203C636F6E646974696F6E45787072657373696F6E207873693A747970653D2274466F726D616C45787072657373696F6E223E3C215B43444154415B247B6872417070726F7665203D3D20747275657D5D5D3E3C2F636F6E646974696F6E45787072657373696F6E3E0A202020203C2F73657175656E6365466C6F773E0A202020203C73657175656E6365466C6F772069643D22666C6F773722206E616D653D22E68B92E7BB9D2220736F757263655265663D226578636C7573697665676174657761793222207461726765745265663D226D6F646966794170706C79223E0A2020202020203C636F6E646974696F6E45787072657373696F6E207873693A747970653D2274466F726D616C45787072657373696F6E223E3C215B43444154415B247B6872417070726F7665203D3D2066616C73657D5D5D3E3C2F636F6E646974696F6E45787072657373696F6E3E0A202020203C2F73657175656E6365466C6F773E0A202020203C6578636C7573697665476174657761792069643D226578636C75736976656761746577617933223E3C2F6578636C7573697665476174657761793E0A202020203C73657175656E6365466C6F772069643D22666C6F77382220736F757263655265663D226D6F646966794170706C7922207461726765745265663D226578636C75736976656761746577617933223E3C2F73657175656E6365466C6F773E0A202020203C73657175656E6365466C6F772069643D22666C6F773922206E616D653D22E9878DE696B0E794B3E8AFB72220736F757263655265663D226578636C7573697665676174657761793322207461726765745265663D226C65616465724175646974223E0A2020202020203C636F6E646974696F6E45787072657373696F6E207873693A747970653D2274466F726D616C45787072657373696F6E223E3C215B43444154415B247B72654170706C79203D3D20747275657D5D5D3E3C2F636F6E646974696F6E45787072657373696F6E3E0A202020203C2F73657175656E6365466C6F773E0A202020203C656E644576656E742069643D22656E646576656E743122206E616D653D22E7BB93E69D9F223E3C2F656E644576656E743E0A202020203C73657175656E6365466C6F772069643D22666C6F77313022206E616D653D22E99480E581872220736F757263655265663D227265706F72744261636B22207461726765745265663D22656E646576656E7431223E0A2020202020203C657874656E73696F6E456C656D656E74733E0A20202020202020203C61637469766974693A657865637574696F6E4C697374656E6572206576656E743D2274616B65222065787072657373696F6E3D22247B657865637574696F6E2E7365745661726961626C652827726573756C74272C276F6B27297D223E3C2F61637469766974693A657865637574696F6E4C697374656E65723E0A2020202020203C2F657874656E73696F6E456C656D656E74733E0A202020203C2F73657175656E6365466C6F773E0A202020203C73657175656E6365466C6F772069643D22666C6F77313122206E616D653D22E7BB93E69D9FE6B581E7A88B2220736F757263655265663D226578636C7573697665676174657761793322207461726765745265663D22656E646576656E7431223E0A2020202020203C657874656E73696F6E456C656D656E74733E0A20202020202020203C61637469766974693A657865637574696F6E4C697374656E6572206576656E743D2274616B65222065787072657373696F6E3D22247B657865637574696F6E2E7365745661726961626C652827726573756C74272C2763616E63656C656427297D223E3C2F61637469766974693A657865637574696F6E4C697374656E65723E0A2020202020203C2F657874656E73696F6E456C656D656E74733E0A2020202020203C636F6E646974696F6E45787072657373696F6E207873693A747970653D2274466F726D616C45787072657373696F6E223E3C215B43444154415B247B72654170706C79203D3D2066616C73657D5D5D3E3C2F636F6E646974696F6E45787072657373696F6E3E0A202020203C2F73657175656E6365466C6F773E0A20203C2F70726F636573733E0A20203C62706D6E64693A42504D4E4469616772616D2069643D2242504D4E4469616772616D5F6C65617665223E0A202020203C62706D6E64693A42504D4E506C616E652062706D6E456C656D656E743D226C65617665222069643D2242504D4E506C616E655F6C65617665223E0A2020202020203C62706D6E64693A42504D4E53686170652062706D6E456C656D656E743D2273746172746576656E7431222069643D2242504D4E53686170655F73746172746576656E7431223E0A20202020202020203C6F6D6764633A426F756E6473206865696768743D2233352E30222077696474683D2233352E302220783D2233302E302220793D2235302E30223E3C2F6F6D6764633A426F756E64733E0A2020202020203C2F62706D6E64693A42504D4E53686170653E0A2020202020203C62706D6E64693A42504D4E53686170652062706D6E456C656D656E743D226C65616465724175646974222069643D2242504D4E53686170655F6C65616465724175646974223E0A20202020202020203C6F6D6764633A426F756E6473206865696768743D2235352E30222077696474683D223130352E302220783D223131302E302220793D2234302E30223E3C2F6F6D6764633A426F756E64733E0A2020202020203C2F62706D6E64693A42504D4E53686170653E0A2020202020203C62706D6E64693A42504D4E53686170652062706D6E456C656D656E743D226578636C75736976656761746577617931222069643D2242504D4E53686170655F6578636C75736976656761746577617931223E0A20202020202020203C6F6D6764633A426F756E6473206865696768743D2234302E30222077696474683D2234302E302220783D223236302E302220793D2234382E30223E3C2F6F6D6764633A426F756E64733E0A2020202020203C2F62706D6E64693A42504D4E53686170653E0A2020202020203C62706D6E64693A42504D4E53686170652062706D6E456C656D656E743D2268724175646974222069643D2242504D4E53686170655F68724175646974223E0A20202020202020203C6F6D6764633A426F756E6473206865696768743D2235352E30222077696474683D223130352E302220783D223338302E302220793D2234302E30223E3C2F6F6D6764633A426F756E64733E0A2020202020203C2F62706D6E64693A42504D4E53686170653E0A2020202020203C62706D6E64693A42504D4E53686170652062706D6E456C656D656E743D226D6F646966794170706C79222069643D2242504D4E53686170655F6D6F646966794170706C79223E0A20202020202020203C6F6D6764633A426F756E6473206865696768743D2235352E30222077696474683D223130352E302220783D223232382E302220793D223135302E30223E3C2F6F6D6764633A426F756E64733E0A2020202020203C2F62706D6E64693A42504D4E53686170653E0A2020202020203C62706D6E64693A42504D4E53686170652062706D6E456C656D656E743D226578636C75736976656761746577617932222069643D2242504D4E53686170655F6578636C75736976656761746577617932223E0A20202020202020203C6F6D6764633A426F756E6473206865696768743D2234302E30222077696474683D2234302E302220783D223533302E302220793D2234382E30223E3C2F6F6D6764633A426F756E64733E0A2020202020203C2F62706D6E64693A42504D4E53686170653E0A2020202020203C62706D6E64693A42504D4E53686170652062706D6E456C656D656E743D227265706F72744261636B222069643D2242504D4E53686170655F7265706F72744261636B223E0A20202020202020203C6F6D6764633A426F756E6473206865696768743D2235352E30222077696474683D223130352E302220783D223633342E302220793D2234302E30223E3C2F6F6D6764633A426F756E64733E0A2020202020203C2F62706D6E64693A42504D4E53686170653E0A2020202020203C62706D6E64693A42504D4E53686170652062706D6E456C656D656E743D226578636C75736976656761746577617933222069643D2242504D4E53686170655F6578636C75736976656761746577617933223E0A20202020202020203C6F6D6764633A426F756E6473206865696768743D2234302E30222077696474683D2234302E302220783D223236302E302220793D223236302E30223E3C2F6F6D6764633A426F756E64733E0A2020202020203C2F62706D6E64693A42504D4E53686170653E0A2020202020203C62706D6E64693A42504D4E53686170652062706D6E456C656D656E743D22656E646576656E7431222069643D2242504D4E53686170655F656E646576656E7431223E0A20202020202020203C6F6D6764633A426F756E6473206865696768743D2233352E30222077696474683D2233352E302220783D223636392E302220793D223236322E30223E3C2F6F6D6764633A426F756E64733E0A2020202020203C2F62706D6E64693A42504D4E53686170653E0A2020202020203C62706D6E64693A42504D4E456467652062706D6E456C656D656E743D22666C6F7731222069643D2242504D4E456467655F666C6F7731223E0A20202020202020203C6F6D6764693A776179706F696E7420783D2236352E302220793D2236372E30223E3C2F6F6D6764693A776179706F696E743E0A20202020202020203C6F6D6764693A776179706F696E7420783D223131302E302220793D2236372E30223E3C2F6F6D6764693A776179706F696E743E0A2020202020203C2F62706D6E64693A42504D4E456467653E0A2020202020203C62706D6E64693A42504D4E456467652062706D6E456C656D656E743D22666C6F7732222069643D2242504D4E456467655F666C6F7732223E0A20202020202020203C6F6D6764693A776179706F696E7420783D223231352E302220793D2236372E30223E3C2F6F6D6764693A776179706F696E743E0A20202020202020203C6F6D6764693A776179706F696E7420783D223236302E302220793D2236382E30223E3C2F6F6D6764693A776179706F696E743E0A2020202020203C2F62706D6E64693A42504D4E456467653E0A2020202020203C62706D6E64693A42504D4E456467652062706D6E456C656D656E743D22666C6F7733222069643D2242504D4E456467655F666C6F7733223E0A20202020202020203C6F6D6764693A776179706F696E7420783D223330302E302220793D2236382E30223E3C2F6F6D6764693A776179706F696E743E0A20202020202020203C6F6D6764693A776179706F696E7420783D223338302E302220793D2236372E30223E3C2F6F6D6764693A776179706F696E743E0A20202020202020203C62706D6E64693A42504D4E4C6162656C3E0A202020202020202020203C6F6D6764633A426F756E6473206865696768743D2231342E30222077696474683D2232342E302220783D223331392E302220793D2235312E30223E3C2F6F6D6764633A426F756E64733E0A20202020202020203C2F62706D6E64693A42504D4E4C6162656C3E0A2020202020203C2F62706D6E64693A42504D4E456467653E0A2020202020203C62706D6E64693A42504D4E456467652062706D6E456C656D656E743D22666C6F7734222069643D2242504D4E456467655F666C6F7734223E0A20202020202020203C6F6D6764693A776179706F696E7420783D223238302E302220793D2238382E30223E3C2F6F6D6764693A776179706F696E743E0A20202020202020203C6F6D6764693A776179706F696E7420783D223238302E302220793D223135302E30223E3C2F6F6D6764693A776179706F696E743E0A20202020202020203C62706D6E64693A42504D4E4C6162656C3E0A202020202020202020203C6F6D6764633A426F756E6473206865696768743D2231342E30222077696474683D2232342E302220783D223238392E302220793D223130392E30223E3C2F6F6D6764633A426F756E64733E0A20202020202020203C2F62706D6E64693A42504D4E4C6162656C3E0A2020202020203C2F62706D6E64693A42504D4E456467653E0A2020202020203C62706D6E64693A42504D4E456467652062706D6E456C656D656E743D22666C6F7735222069643D2242504D4E456467655F666C6F7735223E0A20202020202020203C6F6D6764693A776179706F696E7420783D223438352E302220793D2236372E30223E3C2F6F6D6764693A776179706F696E743E0A20202020202020203C6F6D6764693A776179706F696E7420783D223533302E302220793D2236382E30223E3C2F6F6D6764693A776179706F696E743E0A2020202020203C2F62706D6E64693A42504D4E456467653E0A2020202020203C62706D6E64693A42504D4E456467652062706D6E456C656D656E743D22666C6F7736222069643D2242504D4E456467655F666C6F7736223E0A20202020202020203C6F6D6764693A776179706F696E7420783D223537302E302220793D2236382E30223E3C2F6F6D6764693A776179706F696E743E0A20202020202020203C6F6D6764693A776179706F696E7420783D223633342E302220793D2236372E30223E3C2F6F6D6764693A776179706F696E743E0A20202020202020203C62706D6E64693A42504D4E4C6162656C3E0A202020202020202020203C6F6D6764633A426F756E6473206865696768743D2231342E30222077696474683D2232342E302220783D223537392E302220793D2235312E30223E3C2F6F6D6764633A426F756E64733E0A20202020202020203C2F62706D6E64693A42504D4E4C6162656C3E0A2020202020203C2F62706D6E64693A42504D4E456467653E0A2020202020203C62706D6E64693A42504D4E456467652062706D6E456C656D656E743D22666C6F7737222069643D2242504D4E456467655F666C6F7737223E0A20202020202020203C6F6D6764693A776179706F696E7420783D223535302E302220793D2238382E30223E3C2F6F6D6764693A776179706F696E743E0A20202020202020203C6F6D6764693A776179706F696E7420783D223534392E302220793D223137372E30223E3C2F6F6D6764693A776179706F696E743E0A20202020202020203C6F6D6764693A776179706F696E7420783D223333332E302220793D223137372E30223E3C2F6F6D6764693A776179706F696E743E0A20202020202020203C62706D6E64693A42504D4E4C6162656C3E0A202020202020202020203C6F6D6764633A426F756E6473206865696768743D2231342E30222077696474683D2232342E302220783D223536312E302220793D223130392E30223E3C2F6F6D6764633A426F756E64733E0A20202020202020203C2F62706D6E64693A42504D4E4C6162656C3E0A2020202020203C2F62706D6E64693A42504D4E456467653E0A2020202020203C62706D6E64693A42504D4E456467652062706D6E456C656D656E743D22666C6F7738222069643D2242504D4E456467655F666C6F7738223E0A20202020202020203C6F6D6764693A776179706F696E7420783D223238302E302220793D223230352E30223E3C2F6F6D6764693A776179706F696E743E0A20202020202020203C6F6D6764693A776179706F696E7420783D223238302E302220793D223236302E30223E3C2F6F6D6764693A776179706F696E743E0A2020202020203C2F62706D6E64693A42504D4E456467653E0A2020202020203C62706D6E64693A42504D4E456467652062706D6E456C656D656E743D22666C6F7739222069643D2242504D4E456467655F666C6F7739223E0A20202020202020203C6F6D6764693A776179706F696E7420783D223236302E302220793D223238302E30223E3C2F6F6D6764693A776179706F696E743E0A20202020202020203C6F6D6764693A776179706F696E7420783D223136322E302220793D223237392E30223E3C2F6F6D6764693A776179706F696E743E0A20202020202020203C6F6D6764693A776179706F696E7420783D223136322E302220793D2239352E30223E3C2F6F6D6764693A776179706F696E743E0A20202020202020203C62706D6E64693A42504D4E4C6162656C3E0A202020202020202020203C6F6D6764633A426F756E6473206865696768743D2231342E30222077696474683D2234382E302220783D223130312E302220793D223234382E30223E3C2F6F6D6764633A426F756E64733E0A20202020202020203C2F62706D6E64693A42504D4E4C6162656C3E0A2020202020203C2F62706D6E64693A42504D4E456467653E0A2020202020203C62706D6E64693A42504D4E456467652062706D6E456C656D656E743D22666C6F773130222069643D2242504D4E456467655F666C6F773130223E0A20202020202020203C6F6D6764693A776179706F696E7420783D223638362E302220793D2239352E30223E3C2F6F6D6764693A776179706F696E743E0A20202020202020203C6F6D6764693A776179706F696E7420783D223638362E302220793D223236322E30223E3C2F6F6D6764693A776179706F696E743E0A20202020202020203C62706D6E64693A42504D4E4C6162656C3E0A202020202020202020203C6F6D6764633A426F756E6473206865696768743D2231342E30222077696474683D2232342E302220783D223639302E302220793D223137302E30223E3C2F6F6D6764633A426F756E64733E0A20202020202020203C2F62706D6E64693A42504D4E4C6162656C3E0A2020202020203C2F62706D6E64693A42504D4E456467653E0A2020202020203C62706D6E64693A42504D4E456467652062706D6E456C656D656E743D22666C6F773131222069643D2242504D4E456467655F666C6F773131223E0A20202020202020203C6F6D6764693A776179706F696E7420783D223330302E302220793D223238302E30223E3C2F6F6D6764693A776179706F696E743E0A20202020202020203C6F6D6764693A776179706F696E7420783D223636392E302220793D223237392E30223E3C2F6F6D6764693A776179706F696E743E0A20202020202020203C62706D6E64693A42504D4E4C6162656C3E0A202020202020202020203C6F6D6764633A426F756E6473206865696768743D2231342E30222077696474683D2234382E302220783D223431382E302220793D223236332E30223E3C2F6F6D6764633A426F756E64733E0A20202020202020203C2F62706D6E64693A42504D4E4C6162656C3E0A2020202020203C2F62706D6E64693A42504D4E456467653E0A202020203C2F62706D6E64693A42504D4E506C616E653E0A20203C2F62706D6E64693A42504D4E4469616772616D3E0A3C2F646566696E6974696F6E733E, '0');
INSERT INTO `act_ge_bytearray` VALUES ('67503', '1', 'E:\\eclipse-workspace\\JPS_new_workspace\\.metadata\\.plugins\\org.eclipse.wst.server.core\\tmp0\\wtpwebapps\\jps\\WEB-INF\\classes\\activiti-bpmn\\leave.leave.png', '67501', 0x89504E470D0A1A0A0000000D49484452000002ED000001360806000000D5AFAC16000034A74944415478DAEDDD0D7854D5BDEFF1D452ABD5FA72ABD772AC0FD5EBF172BD5EAFC76295C752A3D797A8D452340C93108855538C4026518A1473338A1C29724C662641697DA5560EA28052C1CACCDE422E850A5A8AA02807153182A4D417E4A080DD77FD77660D3B93992493CC247B66BE9FE759CF4CE62581BDE7BFD66FAF59B3A7A000000000000000000000000000000000000000000000000000000000000000000000000000000000000000000000000000000000000000000000000000000000000000000000000000000000000000000000000000000000000000000000000000000000000000000000000000000000000000000000000000000000000000000000000000000000000000000000000000000000000000000000000000000000000000000000000000000000000000C820CBB206BCF3CE3B0BD7AE5DFB552412B156AC584173410B87C3D6AA55ABFEA6DA185EA5A0DFA0D16F80BAA751F7794E0AB0B9B9D9DABD7BB7F5E5975FD25CD45A5B5BAD952B577EAA0AF2065EA9A0DFA0D16F80BAA751F7794C8E9829405717E297EA48FA4D5EA9A0DFA0D16F80BAA751F7794CDEE2E2C5EEEEA68AF020AF54D06FD0E83740DDD3A8FB3C26EBA178A1BBBE082D5EA9A0DFA0D16F80BAA751F7146197EDF34F765AEFAC7BCCDA1CBEC76E725D6EA3482842D06FD06FD06F80BAA7EEA97BB8A008F77EDC626DFA63ADF5D71726B76B729BDC47A15084A0DFA0DFA0DF00754FDD53F7E8E722DCB1F9F90E05A8DB079B97522814615F38814D40BF41A3DFA0DFA0EE69D43D45D8497BD3FC75D22294FB28148A30C38A54B3A297A0DFA0D16FD06F50F734EA9E224CD436ADF0272D42B98F42A10833E872D53E56AD3E7A399CAAA5DFA0D16FD06F50F7B41CAF7BBFDF7F425353D3BDD3A74F5F5F5B5BDB5A595979A0B4B4D41A3D7AB4DD2A2A2A0EFDF297BFFCF89E7BEED93067CE9CB977DD75D77FA30829428AB0DF07DEE18E99B3560660FA0D1AFD06FD06754FCBD1BA9F3163C6557575757F193366CC3F5458B7962C59626DDCB8D1FE56AF43870E59DA9E3D7BAC2D5BB6582FBEF8A2357BF66C4B1EAF42FC0EF59C8AC2C2C201F95A84F2E9EF644528F7512814611F0CBC5DDD0EFA0D1AFD06FD06754FDD672B9FCFF7FDA953A76EB8F9E69BFFB170E1423B94A7E2C08103D6EAD5ABADBBEEBAEB1F959595BB6EB9E596EBF2B108B7AE6E4C5A84721F854211A659511703ACBEDF556B55AB83E6E55521E33AB98C6FBE8031B5BA3E7C867E6C4D207CA97D7BC81CE10B1A8DF67383E694CA26F358FA0D1AFD46F6F71BB9D81F50F7D47DC6D4D6D64EB8E9A69B0E3EF1C413D6BE7DFBACDE5AB76E9DA542FB81F1E3C72F292E2E3E36577AB9EE14E19E968DD6A697EA3ABED5A56E93FB28148A3003036F5703ABEB66CE7C814899AFDE3CAFDDE01C344B65409681B8E3A01EB97252C0F881DF6F0EA80A1A33E83768F41BB9D36FE4627F40DD53F71971E79D77CEBDEDB6DB0EBDFAEAAB563A7DF6D967565353D381F2F2F20F5570FF6EBE847669EFAE9FD7A108E5368A8422CCC05BDB45197A7C6607E99011944BBFDF7F448201FC0EB9AC6A089FA207709985B367D602C6D4AA467378DBEC5A64B60CDAF41B34FA8DECEE3772B13FA0EEA9FB8C04F60913267C25EBD533E5A9A79EFA6ACC98319FAAE07E665E84F62FBEB0B6FEE9C18E6F75A9DBE43E0A85224CE3C03BBC07CFDBEB86E02E6F67DB0372D018E91C88A3B735EA01DC9E498B0ECAB116308B6E0F9983E93768F41BB9D16FE4627F40DD53F769254B6264863D93815D7BEEB9E7BE50C1BD25DB67DCBB2A42F906B3B7578792AE5193FBF896338AB09F06DE3E7FCBBBD399353510CB20AC67D1AA1F889CEA0B46BC329B266F8BC7DE066F32CF5403F3F4766F9B87CCBA9AC6F059F41B34FA8DDCE83772B13FA0EEA9FBF41588CFF77D59C3BE61C306ABAFFCFEF7BFFFB0A4A4E4F96C3EB34CD2225447C43BB71AD6EB2FFE2A6901EA268F91C77214CDE0DB0345691A388B0AFA31B84F0C2E3BAE3A14192F6B52AB83C6DD6D03AF51AB06E80BE42D6F75DB258EC17C6475C8A86CBFD6D578847E8346BF911BFD46AEF607D43D759F3677DE79E7EBF2A1D3BE565555F5A1C7E399904BA1BDABA3658EA229C2340FBCE97A8BBADF66DC6B02C635D27C8DE1A132A3660FC621E3E2B69936A3C6EF7FFA48FD5819C86F6F8C0C9A180C9FAD67DCAA1A8C0B65A0A7DFA0D16F647FBF91ABFD01754FDDA7859C875D4EEB988EB3C4A4AAA5A5E5504949C9DFBD5EEF49B912DABB73B4DCD9513485C3E09BC240A907DEAFA9362E7A998AF8E7F5CB87537DC1882FD9E9D9F407D2ECB7C24391F1F2385F20D2D03623A706EAFA5503EDFB0291DF65C38750E937E837E837F2B33FA0EEA9FBB4902F4E5AB46891D55F66CE9CB95985F6FB7225B4F7B40075A370187C539CD9928153DE0EB6A2975F4B61E04DF4BC3E0FEE894ED13631B8EA643540CFAD0A9937E9B7CCEDD9B6C7CCA3E4ED6FFB9470D282C69C5BE7349F288D7E8346BF91FDFD46AEF607D43D75DF6B7EBFFF04F9E6D254BF3829CDB3EDBB5568FF5B36AE6DEFEE299C68146106DF8A1E171D40AD140660E7C0ABDBD8046FA1F30D88F41BF41BF41BF41BD43D75EF060F3EF8E07DB5B5B5567FBBF5D65BDF52C1FD4714218DC137A9640362A281B4B30138D1E31F4EF078BEBA9C7E837E837E837E83BAA7EEDD62FAF4E9EB972E5DDAEFA1BDA1A161B59B96C8A87FCB8AEE1C4450841461265E579D0CBC45290CA88906E0EE0EBC05E97ECB3B1FD06FD06FD06FE45FBF41DD53F77DA6B6B6B675E3C68DFD1EDAD7AE5DBB61F4E8D1A65BB68BFAB758D2A4183D1ECF45142145D897AFAB1E0E805D0DC0A90EBCCEBFDFCACC19FD06FD06FD06FD06754FDDF7A3CACACA037DF1654A5DD9B56BD74EF5A2DFE9B62274B4E5898EA429428A3013AFAB5EBCD59C6C003EA287036F576FB1837E837E837E23AFFB0DEA9EBAEF33A5A5A5D6A143872C379017BB8B8B307624ED2C468A9022CCC4EBAA87036F6703F05BBD18787BFBEFC9E7D04EBF41BF41BF91E3FD06754FDDF7E98BCD2DB221B43B8FA4E56D308A9022CCC4EB2A0D33548906E0DE0CBCA9BEE54E68A7DFA0DFA0DFC88B7E83BAA7EEF376A63DDB5ABA8B503AC759B366B57B0195949458CF3DF79CF5ED6F7FDBDAB46953ECBE0F3FFCD07EBCDCB675EB56EBDA6BAFB59B3CF6B4D34EB37EF39BDFB4FBDD5BB66CB11F2FCF5BB3668D356AD428BB8D1D3BD67E8EDCE77CCE2BAFBC62FDEC673F8B3D26D9E392FD3F66CF9EDDE563EEB8E30EFBFA82050BACFDFBF7C76E7FF2C927D3B64DB3ED353572E4483D48D6F7B2BC8F483053F656F4F6DEA8CFC65ACDE57EA337FD8DF42FDD7DBCD4FF59679D95D2EF774B3F40BF41BF41DDB7B5850B175A279D74525AFB8944B940EA59F717923B9CF7AD5EBDDA3AF3CC33ADC2C242BB5F39F7DC7363B9447E3EE6986308ED89B8654D7B6B6BEB872E5FD3AEDB3A75C43C5C9F533E5D45B872E54AFB853A7DFA74FBC52F2F7679314BD32F76E7202601DC344DEBC20B2FB4AEBFFE7A4BBECD560F76D2E4057FD55557B5FB1BDFF8C637ACE38F3F5E3E3F107BEC0B2FBC60FF5E797EFCBFE9E4934FB62EBBECB284C5193F98EA7FBF0EF603070EB4860D1B665F97F6ECB3CF5AA79F7E7A87DFF3F0C30FC7AECF9B372F765DFEFF793663D6EE7555D0FBAF1AEF6CC62C952F5261A6DDC5FD463A427BA21A97267D84F42FD29C752D4DD7F5A38F3E6AFF8E0F3EF8C0F5FD00FD06FD0675DF314CF7B69F880FED7279C51557D8F5F3D4534FD9070832B128B7472291768F5FBF7EBD7DB96DDB36FB521EBB77EFDED8FD8B172F26B4C79B366DDADF366FDEEC96B3C734BBB808E33BC7B4AE519317AA1C79EA9F972F5F1E7BE1CA2CBADCA76F73CEB2BFF4D24B097F5F7C6897DF2F8F7FE38D37EC4B193C65A09410AF0EDC6233E8CEF02E83E789279E68D5D4D474986997DFA307EA4403ACFC2C0720CE0386A953A7DAD7DF7DF7DDD8EFF9F18F7F6CFF1DB92E0722FAB9724623B90C0402B93EF8267C5D3906BABD195A9BDA93019835ED2EEB37D211DAE5E03CD9FDD21F48FF237D497C68970176F0E0C11D7E9F5BFB01FA0DFA8D7CAD7B999C738EE1528332D3AEF29FFDF3E38F3F6EEFDFD6D6D61EF5133243DEDCDCDCAEDF90E748FF20FDC4D1471F6D7DFAE9A71D7EA7CE234D4D4DB17ABFFAEAABDBE50C427B1C394FFBB265CB5C719E76F542BFDF8545B8C6EBF58E48F66DADE92C4279914A51C96026D7B76FDF1E0BED72B963C78ED86365B65C6E4BF6F7E343BB3C76D2A449F6EF92DFFB8B5FFCC2BE4D0A490A24D191EDA04183ECC134FE77CB01C4C71F7FDC6E864D0E0AE4285ACFA8C97D3FFFF9CFEDEBB2C446FE5F89FEBFCE19B6534E39C53E0891EB321B27B376393CF876FABAEAC50C55B2D3B3253A0B442A0330678F7169BFD1D32633E9F23AF8E637BFD9E55BE9B2342F3EB4CBA02FB51D3FF9E0D67E807E837E235FEBDE3919A77385F300B9B7FD84DC2FB3EA321928415D2E65D65D0E0EA4BF9077E69DCF979F9D1947C2BA6413F95B7A1580731293D0EEA08E7066CF9831A3DF43FB84091336A9177CA18B8AB0B3998CB416A1CC9ACBA076CE39E758A150C80EDCF2A297D02C0520F7CB40282F70FD9C3D7BF6747BA65D0A53D6A7EBE292B7B4E367B2366CD8D021B4CBDF94DB860E1D6ABFDDF5D0430F59E79F7FBE7D2947CE723DBE706580D7D7F5C180BC432033FA890A5D0E0AF45B6472B4AE6F97ED90A3836FB75E573D9CA9EAEA7CCA5FEBE1003CA480F3B4BBAEDFE86D937A93D780BC9BE65C5A17DFE4F331D2E243BBAC418D0FED6EEE07E837E837A8FBC3B3E6129CE5C03B7EAD79AAFD84E40B3DD1E85C2120CBEAF4C1BBBCFB26B7C9E3E4C05E3284FCAC738CCCB4CB418F7E47407F868FD09EC0E4C993BF3B6EDCB87FC891583F9EA37DB73A3AFDBCBCBCFCA86C2BD67415A1BC7825A0EBB7A1E56DE4F82530CEA24825B44B93A358F9BDE79D779E1DC07548771EE9EAD02EAF0509EAD274D13997C6C85BD53298C6CFFECBCF175F7C7187193619E47FFAD39FC61E277F4B3E7856E0F8E04AFC409FAB6BDA7BA1AB19ABEE7E014AAA03B07EAB7D0491DC7DFD463AD6B3CB6763E47A7766E924A84BD31F4A95E7C50FE46EED07E837E837F2BDEE0BA2EBCAA5C6A48E758E78E081077ADC4FE84947FD8E595D5D5D87A52DFAEFC8FF5FD6AFEBDFABD7BA3B6B5E96E8E8BFD5D964425ED7FD942953FEE3E5975FEEB7D0DED8D8B85E1DA5FE369F8B5096A9C407741DA4F5873E9DD7530DEDCE0FAA16383E00A28BC6B9D6DD39503B0B4AFF9C6C7D6977076B59DAA33F78E25C9AE32C5CFD7F77AE9BCFF3C1B7B399B354BFB1B0BB03B0FE7B0CBC393678EBB7BC9DEFBACD9C39B3DD6364564CD6974A4BF441D4DADA5ACBE7F3C5FA11B7F703F41BF41BF95AF7922FE45D2EF9F0A9734DBB5C97CFB4E9D977A9F954FB09E71A767D90DDD94CBBB39FD0F94366DAA57F904944FD0EBF4C2C72B09EC49D77DEE9BDE38E3BBEEA8F533FAA9D7DB0A4A4E4EFA5A5A5DFCBE722D41F14750E76FA2D2709D8EAC0AADDD16BAAA15D8E5E972E5D6ACFD4EBC291B7BCE5685B0F92897E979E91D7EBCB3A0BEDCE0FCA3A076279FB2CD1074A0AE2D6B2CA00AD0F26E4DF28FFAE741C69E7D0E0AB67CEE2DF721E5790FAF994130DC0635398A14396CFB839D797EB3AD7676ED103B634E75BD65DAD6977733F40BF41BF918F752F07BCB29FF45959F4E754E4748BCEC749DDF5A49F703E56EED71380D26F249A694F14DAE32706E33FE04EDD27A08EB676C9A77FFBDAF4E9D3378E1E3D3A94EF45A83FD8A94F8954E0F800AACCAECB8B3EFE2DA982B85328E90F99445F74F611B4F33E59D75E10FDC088FCAC8B4B96B8E83566F147DAD264FDBAAC6BD31F0ED3B3F15D85023D58273A40D10729F2A975FD78FD76985CEAB7D8F49926187C13BEE55D9460204DE50B50923D8FD33AE6706897FD9D286CEB0F87C969669D4B629C1F0E9319333DC0CA80DBD5D91DDCD40FD06FD06FE4FBC1BA6E9201BA0AC6A9F613BA767540D73943BF6BE79CFC8B7F274DF72912F4F5D25B996424B477A2A2A2E2CA5B6EB9E58084C7BEF2DA6BAF6DF57ABDFF515C5C7C2C4598BC709C47ACF15F94A4D787399B9EA5D26F69C59FAB5D66E0E58C0CF1815F8AE4820B2E48FA76BA3E07ABDA6FBD0AEDD224F817C47DE84C5F67F0EDD15BDE5F8BCE78A57A3AB6F8E71531F0E6E6E02D07E7726696CECE7D2CB3E40509CE4A256FAFEB53323ABFFC2D9BFA01FA0DFA0D42FBE10F973B97AAA5A39F903CE13CC7BA0EE27A099C7C6952B2533E4A669177FDF5C1BB9E94ECEA4B1CF3BEEEC78F1FFF4C4343C3C1BE5826A376CA3E5916A376E4E514218D224CCB009C89B7D041BF41BF41BF41BF41DD53F76E23A72BBAF1C61BDF9D376FDE814C06F6DDBB771F2A2F2FFFD0EBF5FA28421A45E88A01982F4EA2DFA0D16FD06F50F7D47D365141FAA4B2B2B23D8B162DFA325333ECD1C07E1F4548A308D336D3D59BB7A6796B9B7E8346BF41BF41DD53F7D958F77226973163C6B43CFAE8A3BBD2BD865D96C4E4C20C3B454811BA74004E75C68B0F8FD16FD0E837E837A87B5A36D7BDCCB8AB80FDBC9C5566FBF6ED5FF4F6B48E729618F9D069B6AF61A7082942174BF5AD6ADEDAA6DFA0D16FD06F50F7B45CA97B8FC7334185F78FEEBDF7DED7B76DDBB62BD56F3A6D6A6A5A27B3EBA3478F7E309BCF1243115284393600CB578CF38D85F41B34FA0DFA0DEA9E964B752F615B856EBF6A3B2A2A2ADE9A356BD61AD3345F7BFFFDF7B73B43FA9E3D7B3E5ABB76ED86868686D513264CD8E4F57A3F976F3ACDD62F4EA20829C22C55141D588B3AB9BF9581977E8346BF41BF41DDD372B8EE5508BF281AE097ABF6AE6A0755B3A26DA76A6B54BB5FB5C2F2F2F2A328421A45E8AA9933DEDAA6DFA0D16FD06F50F734EA9E22A451842E1E801978E93768F41BF41BD43D8DBAA7086914A18B07E07A065EFA0D1AFD06FD06754FA3EE29421A45E85E45B27CAD80D3B3D16FD0E837E837A87B1A754F11D22842F78A0EBEA0DFA0D16F744B7171F1D755BF71886AA5EEA97B5084348A90D04EBF41A3DF706F683F52F51B5F52ADD43D750F8A90461112DAE93768F41B2E25677F53FDC67EAA95BAA7EE91332291082F7477B7FDAA080F12DA09EDF41B34FA8DEE2B2B2B3B46F51B9F53ADD43D758F9CB16AD5AA9DBB77EFE6C5EED2D6D2D2F2EFAA08DF24B413DAE93768F41BDD575A5A7A9CEA373EA55AA97BEA1E39C3308C9FBEFCF2CB9F7CF4D147FFC98BDE5D47CC5280E17078BB6A3710DA09EDF41B34FA8DEE2B29293951F51B7FA75AA97BEA1E3945EDE4E1EAE86C9DBCAD22EBA1B2B5CD9F3FDFFE66DB6CFE3F389AEC8B372940423BFD068D7E23755EAFF724D56FB452A9D47D672D473203758FAC0C764BA5000B0B0B07B03508ED00F23AB49FA2FA8D5D6C0930B6002EE3F1782E52C577500A5075D67C99061D2B80FCEE33FE49B516B604185B00F785F6C5527CD1B68E2D42C70A20AFFB8CD3547B9F2D01C616C05D453744CFB2EBA642FC70B60C1D2B80FC5452523248F51BEFB125C0D802B8ABE8963A03BB9E6D676D3B1D2B80BC0DED67A87E631B5B028C2D807B0AAEC32CBB6E5EAF77045B888E15405E86F67F56FDC6DB6C0930B600EE29B8E589027BB4AD610BD1B102C83F5EAF77B0EA37F8A21930B6002E29B6A4B3ECAC6DA7630590D7A1FD7FAA7E63135B028C2D803B8A6D6967819D33C9D0B102C8DBD07EAEEA37FECA9600630B400182FD0AC0BD7DC6BFA8F61A5B028C2D000508F62B00F7F6194378A7158C2D000508F62B00172B2929F9A1EA37FECC9600630B400182FD0AC0A5BC5EEF50D56FFC892D01C616800204FB15807B43FB8F54BFD1CC9600630B4001C2C5FBB53A64544E0CAE3AB9BAC93CB3AAD11C5E1D342F97E60B467CFEC7CCA3F4E326058C1FF81AC343E5BADFEF3FA22A1899CDD6067222B45FA2FA8D977BF25CFA0FC61600142032BC5F6F6F8C0C6A1B5C8D3F5407CC71D501A3A23A181E96E8B132F85605CD29954DE6B1B7CE693ED11730A6CACFEA7945D541E312B63A90D5A1FD32D56F4452790EFD07630B000A107DB45FFD7E73805CCAE02997BE8039AD6D106D9B29730EC05521D323976A80BDBB2A1429F685CCBAB6E71A9364F066AB03591DDAAF50FDC64BA93C87FE83B1050005883EDEAFBEA0B9CC576F9EA706D019FAB6E8DBDBDEB6FB233EB95E1D8A8CAF09842FF5858CB9F6FD8148997A6E694DC0B886AD0E6475682F52FDC6F29E3C97FE83B1050005880CEFD7B6192F23286F6DB70DB4C6DDB1815806D4FA5503633F878C8B6F0F99836576AD2A603C10BDAD766270D971FAF900B2B6CFB856B53FA4F21CFA0FC616001420FA68BFCADBD7BE9039420654F9605875D07CFAF087C88C25B1C7852237CA2C9ACC885535844F910F904567CA1A646D6A753072255B1DC85E5EAFF7271E8FE7F9549E43FFC1D8028002441FEE571934ED3339341817AA8176A4BEDDF99675F5039153DB0FD69199FABAAC47958198AD0E6475681FA142FBE2549F47FFC1D8028002441FEDD7EAA0312B3AF8D6C8A9DB6233656A3096D3B8D9037063F82C35B05E206F6F4F0A98E7E80F9509391384DCCF5607B23AB45FAF42FB33A93E8FFE83B1050005880CEF57BFFFE923656D69553032C11E7CE366C334FBED6C35E0EA9FE53CCBBEA0F1881A786F92261F2A93B7C7D9EA405687F651AADF58D0DDC7D37F30B600A000C17E05D0F7A1DDABFA8DA7D812606C012840B05F01B837B48F51FDC6EFD812606C012840B05F01B837B48F53FDC6E36C0930B6001420D8AF00DCDB67FC5CB547D812606C012840B05F01B894D7EBBDD9E3F1FC962D01C616800204FB15807B43FB2F54687F882D01C616800204FB15807B437BA50AED4D6C0930B6001420D8AF00DC1BDA27AAD01E644B80B105A000C17E05E0DED0EE53A1BD9E2D01C616800204FB15807B43FBED2AB4CF664B80B105A000C17E05E0DED0FE4B15DA7FCD9600630B400182FD0AC0BDA17DAAEA37FE952D01C616800204FB15804B793C9E692AB8DFCB9600630B400182FD0AC0BDA1FDFFAAD07E375B028C2D000508F62B009792C02EC19D2D01C616800204FB15807B43FBBDB244862D01C616800204FB15807B43FB7D2AB4DFC99600630B400182FD0AC0BDA17D960AED93D912606C012840B05F01B837B4FF9B0AED356C0930B6001420D8AF00DC1BDA1B5468AF624B80B105A000C17E05E0522AB00755709FC89600630B40012273FB70A9ECC72EDA3AB614804E427B930AED956C099019000A1099DB8743543BD859685703F270B614804E42FB432AB4FF822D013203400122B3FB717927A17D4D6161E100B612804E42FB6F5568BF992D013203400122B3FB7148B2D0AE06E2116C21009D51FDC4A32AB8DFC896009901A00091F97D99686DFB3A66D9017423B43FA142FB58B604C80C000588CCEFCB0E6BDB59CB0EA09BA1FD49D55F94B2254066002840F40135E82E66961D400F42FB7CD57F8C664B80CC005080E89BD07E91632D7B115B044037C78205AACF18C596009901A000D177FBD45EDBCE2C3B80140EF89F51A1FD7AB604C80C000588BEDBA743D8AF00520CED8B39D314C80C0005E87A96650D78E79D7716AE5DBBF6AB482462AD58B182E682160E87AD55AB56FD4DB531BC4A818C86F6E75568FF095B0264068002743509ECCDCDCDD6EEDDBBAD2FBFFC92E6A2D6DADA6AAD5CB9F25315E06FE0950A642CB4BF505252720D5B02640680027435996127B0BB3AB87FB962C58A3779A502190BED2FAAD07E155B0264068002743559124338767753A1FD20AF542033BC5EEF8A51A3465DCE96009901A0005D4DD64F138C5D1FDA79AD02990BED860AED97B22540660028C09C08ED9F7FB2D37A67DD63D6E6F03D7693EB721BA19AD00E64F958F0B20AEE97B02540660028C0AC0FED7B3F6EB136FDB1D6FAEB0B93DB35B94DEE235813DA812C1E0B9A5568FF115B0264068002CCFAD0BE63F3F31D02BB6E1F6C5E4AB026B403D93C16FC4985F6A16C099019000A30EB43FB9BE6AF938676B98F604D6807B2782CF8734949C90FD9122033001460D687F64D2BFC4943BBDC47B026B403593C16AC57A1FD076C099019000A90D04E23B4032EE5F178FEA242FB796C099019000A30EB43BB9C2D26596897FB08D68476208B43FBC6D2D2D2FFC596009901A000B33EB46F5DDD9834B4CB7D046B423B90ADBC5EEFE6E2E2E2B3D9122033001460D687F63D2D1BAD4D2FD5755C1AA36E93FB08D68476208BC7823755701FCC96009901A000B33EB44B7B77FDBC0EA15D6E235413DA812C1F0BDE2E2929F967B604C80C000598FDA1FD8B2FACAD7F7AB0E3D218759BDC47B026B403593C166C53A1FD0CB604C80C000598D5A15DBEF1F4EDD5A1A46BDAE53EBE1595D00E64F158F09E0AED83D81220330014607686F62FBEB0766E35ACD75FFC55D2C0AE9B3C461ECBAC3BA11DC8C2B160476969E9F7D8122033001460D685F6AE66D7997527B4033934167C3866CC98816C099019000A30EB427B7766D73B9B75276813DA812C1A0B3E2A2B2BFBAF6C099019000A30EB427B4F03BB6E046D423B904563C1DFC68E1DFB1DB604C80C00059875A19D466807F285C7E3F9B8A4A4E444B6047A9219AA82C624BFDF7F44659379ACFD73C8B8AE26605C53FD40E454BFDF1CA01F571D8ADC58D5680EAF0E9A97DBF707C3C3E4BA2F688C94C7B28501423BA13D0F42BB7A2D0F51C16331AF66A04763C1A7A5A5A5C7B125906A6698185C75B20ADD8F4870F7D59BE7A9EB8D72BDAA217C8ABE8C85F6A071775BC03707F80291B28AB94BBF25615F6E974BB630406827B4E7706897B0AEDA52D50EF27A067A3C167C5E5656760C5B02A966065FD02C3D1CCAC3C364365DDDB6CC178C78AB434665EC3E75BB0AE797F842C65C995DAF0A45E64F0A98E7D8D783C60CB62E406827B4E768688F0FEBBAF16A067A3416EC2F2F2F3F8A2D81543243757DF80C15C26BDB96B844BC32CBDE3ED01B73E4323A1BBF4496CF5405CD29F67D8DE1A1F2BCE8737D6C5D80D04E68CFB1D0EEF1782E926530F1619DD00EF46A2C38505151F10DB60452C90CF692989059675F06CDD2AA80F1800EE2B2AE5D96C0D8E13E181EA6C27DB0EDBAF9B43C5696C6C8CCBBDC27EBDBD9BA00A19DD09E236DFEFCF956A29975423B9096B1E02BD61423D5CC10BF1EDD1734FE109B3DB767E08D4B0E07FCC884EA26F34C75DF7409ED32EB2EB3F3EAF6D96C5980D04E68CFA1D65950A7D168BD6F8C04E8496690F5E8BEFA5503AB1AC2E74A08D7B7FB02468DDFFFF491B19F4346D01732474C0C86CF8EDD163456C8121BB62C4068777D686F6D6D95ED6F2D5CB8D0DAB76F9F3568D020EBB2CB2EB3C68E1D6BB7E79E7BCEBE3FFE7972DBCC993393FE9CAC2D5EBCD83AEDB4D392DEFFC61B6F585BB66C49F8F71E7FFC71572C8F19356AD4E5EA75BB86E00100FD9F19AA83C66A7DDA4659A7EE08E47362C1BE217C8A2C9591D9F7C3F7DBCB697E2FCB68D8B200A1DDF5A15DDA2BAFBC620D1C38D0DABF7FBF1D8E2538CB6528148A0566FDD80B2EB82016E41F7DF451EBA4934EB2D6AF5F6FFF7CEDB5D7C6EE93DFA19F73CC31C758575D75957D5F6D6DAD75E289275AD3A64D8B3D76CD9A351D02BAFC9B229188555252D2EEEF3DFBECB3F6F50F3EF8A0DF3F88EAF57A8BD4EBB799D00E00FD97196A02E14BED601E8C4C882D930918539D678E9135EB2AB85F206790B9BD31324882FA6D8DE1EF4443FFDD358DE1B3D8BA00A1DDF5A13D3E30CF9B37CFBE2C2C2CB49A9B9BDB85F6AD5BB7DAB3E53A440F1D3AD45ABA74A9F5E4934FC69EBF60C1820EBFF3A9A79EB2AF4B0097D97CE77DF18F5FBD7A75EC5D00F9373843BB5C4A9877D3291FA333EFCD8476002033001420A13DED4D66AB25101F7DF4D17638D721FAA1871E8A8564996D7786763D5BAEC3FDD7BFFE756BFAF4E976A095B02DB74BB08F0FEDE79F7F7ED29976D334634B63F46D3B76ECB0AF5F7FFDF5B1DB9CD7F573DCF4E54AD199F735BC9A0180CC00508084F6B436BD2446969DE8802D33E9F1A15B5F7FF7DD77ED5975B9ED9C73CEB143B4DCBE67CF1EFBB651A346259CBDD7B3E99DCDB4CB9A7A7DDBC68D1BED9F4F3DF554EB8A2BAEB09FA70F3024D0BBF11B5101006406800224B46774498C0EEA05D1A52C1290659DFBAE5DBBDA85F60B2FBCD07AE1851762EBCACF3AEB2C7B798C7C48547FA8559A3C2FD5D0EEBC4D3E18ABAFCBDF747E2856BF2B406807003203000A30AF42FBA64D9BAC4F3FFD34B63446CF9CCBED3AB4CB0CB7CC7E4B7896FD2697A79F7EBA555959695FD71F128D5F735ED0CDE531CEC7CB4CBBCCEACBF5952B57260CF4847600203300A000F32AB44B581F3C7870EC83A732FB2D973A38C72FA99133BEC8A50EDE7229EBDBF50752E37FBF0EF2F133ED0F3FFC70C2C71F7FFCF1B1597EF9302A33ED000032034001E67D6897E52D722933E972B97DFB76EBA5975EEAB0A6DDF99C0D1B367408E15DB5EE3C5E7EB7BC2EF475BDDE9E9976002033B015000A306F43FBDEBD7BED2F3492A530CEDBF5F9D7E5DCEC89CED32E41BFAEAECE3E57BB5EEEA2C3BFAC6F4FF4B76499CCB061C3BAFCC2276748977F9BAC9FD7A7A274AE9727B40300990100059817A13DD5B3CD64C3BF93D00E006406001460DE86F67C6E8476002033001420A19D604C6807009019000A90D04E23B4030099010005486827B40300C80C00054868A711DA0180CC00800224B4D308ED00406600400112DA09ED00003203400112DA69847600203300A00009ED847600009901A00009ED34423B0080CC00508084761AA11D00C80C002840423BA11D004066002840423B8DD00E0064060014601F884422046377B7FD2AB41FE4950A0064068002CC63AB56ADDAB97BF76EC2B14B5B4B4BCBBFABD0FE26AF540020330014601E330CE3A72FBFFCF2271F7DF4D17F1292DD35C32E813D1C0E6F57ED065EA90040660028C03CA742E1F0152B56AC936518B27E3A9B9BECD76CFF3F449BEC8B3709EC004066002840B05F0100606C012840B05F01008C2D002840B05F01008C2D000508F62B0080B105000508F62B0080B1050005C87E050080B105A000C17E050030B600A000C17E050030B6001420D8AF000030B6001420D8AF0000C616001420FB150000C616800204FB1500C0D802800204FB1500C0D80250801420FB150000C616800204FB1500C0D802800204FB1500C0D802508060BF0200185B00508060BF0200185B005080EC570000185B000A10EC570000630B000A10EC570000630B400182FD0A0000630B400182FD0A00606C014001B25FD90A0000C616800204FB1500C0D802800204FB1500C0D802800264BF0200C0D802508060BF0200185B00508060BF0200185B000A10EC570000630B630B400182FD0A00606C014001B25F0100606C012840B05F01008C2D002840B05F01008C2D000508F62B00008C2D000508F62B0080B1050005C87E65BF0200185B000A10EC570000630B000A10EC570000630B000A90FD0A0000630B400182FD0A00606C01400182FD0A00606C012840B05F0100606C813BDD1E3207D704C297D6048C6BAA03665155C8F45407CDE9FEC7CCA39C8F9B185C75B22F18F1C63F5F9E1BFF58CD17341A13DD5ED5103E57B553DADD1634A7F8FDFE232840B05F01008C2D405CE05601FD726912C8AB83C6DDFA6709EEF21809D2FAB6AA5064BE7A9C4F027CDB638D4BECA01F0DE0B7374606D9E15F1EAF6EF7858CB96DCF8D5CE90B9923F4DFAD98BBF45B12E8E5F187FFBEF9BCFD375478BFAD31FC1D0A1009F6E152D98F5DB4756C2900009901394502B984693B3487CCBAEA50647C349C173B1F2733E3BE7AF3BCEA607898DD1E889C2A33F2F1BFAFED778587B51D1018D7488BBFAEFFAECCF0FBFDE68058C00F1A73541B290702142092ECC321AA1DEC2CB47B3C9EE16C290000990139C7173497B5CD741B8FC466D4839109CEC01E9D29AFF3058CA932D35E1D302A6446DC7E5E2072875E1E63DFA6027874767DA684FFB6DF67CCD0B3E7BEC6F05075707063757DF88C586097DF1B326AF54CBBDFFFF491142092ECC7E59D84F63585858503D84A008014C615DEC585FBD53486CF92701D0DED4FE8C05ED568C6662B65463C7AFF1C09EFD521A3D20EEA324BAF2E9DBFAF3A68CC3A7C3070783DBBF37ADBECBE1194EB1383CB8E3B1CF2ED0380B24CAD6B27B4E74CE73A2459A7EAF57A47B08500003D1857781717EE26CB5C647DBA5C97D9707DDBAD739A4F743E4E85EC8B658DBBAF7ED5C0B69FCD3AFB3901E381B8C7CD8D057015CCE3D7C7C71E170DFBB26446CFB0B78576735A068B92D09EDBB322EB98650700F4705CE15D5CB857DB874963A15A3E88FA5BBD9E5D66BFF5E3DA96B81897C8074F256CDBD74346A52C89A90A9937B53B080898E31CC1BC21F63B1C33F7F67D41A35166F9E5F9B10FAE4697D110DAD193591166410000BD1C57781717EE23B3E9FAAC2E7A494CBB19EF90593729609E2333EE12B8E56C2FB2D65CCEF6A282F52459C212FFE152A79AA695A7253A3DA41DD8EB570DAC0E18CFC8EF77067B398848F4E156423B1251217D31B3EC008034E604DEC585FB7477DDB884F6E81AF4DAEA26F34C9965D71F3AF505CD5259939E30B4AB305FD510BE20D17D1383E1B3E55493F6C143C0A8904B3BC0CB9A7975304168473743FB458E599022B60800A0973981777101971423A13DF7F6A93D2BC22C0800201D78171720B42333FB74C8C89123D9AF0080748576DEC50508EDC800E950ADE8250000E9C80BBC8B0B10DA914697ABF6B16AF5D14BD61D0200BACDEBF59EE4F178543C187DBF6AA66A3BE23E84BA534EF7A81EF35BF5D89BD5F5EFB3D500423B7A16D875509799F656823B00A02BA3468DBA3CBA767D7F37BE09D5D9E443AA6B542B67161E20B423F5C0DED5ED0000E8B3C3AC4B31A8276B6FCAEC3B5B1520B423B1A22E82B9BE9F35EE48CA173247C87749C47E0E1A23E5CBDE923DDEEF7FFAC8F86F7F8E3DB77ED5C0DB1AC3DFD13FCBE96CE5FB2FE21F27A7B395EFA1F0058CA99302C60FE4BAE38BEDBCFA9BA90164860AD8F7C59FCEB1B4B4D4BAEFBEFBAC850B175A9B376FB676EEDC69EDDFBFDF12070E1CB076EFDE6DBDFDF6DBD6A2458BECC7959595250AEFCBD5EFF91E5B1820B423F540CE8C3B0A3A0BE02A38D7B4056EF3BC68687ECC0ED001A342C2BC7C3F85F3DBA2AB4391F1F26DCDB190AD9E2FDF37D1F6FBFC47F882E632F9E239B94FBEA342BEF1B9ED4BEBCC29FA7B2DE4EF56078D59B18380606482FE37A9EBB3D93340661417171F1B5DAF1E0BDAE5E5E5D6934F3E6987F254ECDBB7CF5AB26489E5F3F9ACB873B97FAC2E0BD9DA00A11D87837851861E8F3C51158A14FBFDE60099F1D6815AC275FCE3EC6F7F6E3487B70575E36E5F2072870EF0954DE6B1CEC74A8097A02FD7D563A6CBEF95BFA1EF972F8F6BFBA66963AE3CDF0EF6CE6FA056FF16F60C90B1C0DEEC0CD8B5B5B5F68C7A6F1C3A74C85AB66C993D53EFF8DD7B55BB81AD0E10DA09ECA9CF9CCBF3F612DC7138B0DB4B52A64B08B7BF85393AD3AE82FC7C09D2D20E3FD6B84EFF2C4B63F4B748EBD9F2B6EB912BABEBC367C8B745CB0CBDFCFE8AB94BBFA567D5F573E4323A13FFB4FC2C0700F2FB0F2F8F311AD93B4046C6FD7633ECB20C460277BAB4B4B45893274F7606F7FD7C832A406827B0F7CFF39143ECA52C8DE1A1B787CCC16D3F9B49CFFEE00B467CB175E701E319C7FAF3C7F4632606971DA7C37E75C8A894252F725DD6ACCB3A793DFBDE16D4CD69D2E48041877996C50099135DC31E0BD46BD7AEB53241D6C0CB7A77E78CBBFADB83D90300A13D9F74F5A1D3BEFE3DC872BE40A44CD6A6CB8745E5C3A312AC0F2F5189943997BDC83296B6F5EAC61CD59EA80E9845F67AF87AF33CE7EF94607F78665DDD1F326AE577C9074F0F87FBF0D912D6E577C8AC7CDBDF8C5CA91ED720CFAF6A089FCBDE01D23ADE0F717EE85466D833493EB43A63C68C76E7779773C0B32700427B3E05F6742D6D61C61D05CE206DFF1C8CCC8C057A15B69DF7C92CBC046D59D622F7A9707D93FEF0695B105F769CAC859770DF7640604E538FBB5866DA9D33E86D813E72A57ADC8D72FDF06D6D1F5A65AF00E9E7F178FEE25CC39ECE2531C97CF6D967D62DB7DCE2FC706A3D7B0220B4E7BAF80F917E4DB571D1CB54C43F8F0FA7E6B1B6106E7FA8F412592263AF450F1AB3F4F2169981D78F95F5E9FA03A76D1F1A3547D8213F10F99D047D7DBA48757B5DDBA91C23C53283EE0B9AA512E665A98CFD7B02E14BF5121959B72EBF4FCFECCBDF930FBADAA79B548F630F01E9215F9CE43C4B4C6F3F749A8A575F7D35FE83A9DF678F0084F65C0FECC31DC1FB11D5ACE86577837BB2E711DCF3948467E7D21699FD960FA3EA402F815B0776BDE6DD0EDB814899F3E7AA06E3C2C3BFC3B85B7ED6E7789775F06DE1DE78C69E85570708B1C74667E4F57A7600191BEB97EAE02CA775EC6BB367CF7606F7FBD92300A13D1F02BB18170DDE560AC1DD19D8751BEBB89F35EE009083641DB99CC1457F7152AAE7614F876DDBB6B53B7F7B7979F909EC1980D09E4B9205E94401BCB3E09EE8F10F27783C6BDC0120C7A8903C5A076639A34B7F717EF9923A9018C19E0108EDB916D88B5208E289827B77037B7C7067A90C00B89C0ABF2B54FB5117E3FCFD7D75C698CE2C58B0800FA40284F69CD3DDE0DC55704F35B03BFF7E6B0133EE00E0FA313C3A73BD4205E18B923C26F6654A5BB66CE9B7D02EE78477FE7BD97B00A13D57027B770373B2E07E440F03BBC61A7700C892D0EE68CBE367DED56D3BF4FD7D79D69878EFBFFF7EBB73B6B3F700427B3E05F6CE82FB5BBD08ECBDFDF70000FA27B4C766B2757877DE2EDF54DA5FE4CB969CFF16F61ED0B382FF2AFA2D695FA8B62F7A1ED54F54DBA35AAB6ABB54FB307AB4FE9E6AEFA8B655B5B7547B43B5D755FBAB6AAFA9B65EB53FABF627D5FE9FEA3456AA66A8EB61D5FE28B300AAFD41B5E73C1ECF62D59E51F73FADDA7CD59E54B7CF53ED31D51E56ED37AA3DA81ED3A45A50D6C0A9C7FC9B6AB3D4ED33559BA1DA3DAAF955AB55F74F53ED4ED526ABC7DCAE9A4FB589EABEDB541BAF5A856A37A956AE1E3356B5526F9B51AA5DAF6EFF996AD7A9DB87AB76B56A57CAB96D55BB54B51F4B07A8DA50F5980BA3DF2CF72FEA31FF5BB5738A8B8BCF56EDBFAB76664949C919AA0D2A2D2DFD9E7ACC3FA9E79CA26E3F59B5FFA2DAF1D75D77DDB77FF2939F7CABBCBCFCA88A8A8A6F444F77D7DB99ED44C1BD37813D3EB8B3C61D00B224B43B67DE9D3FF737423BD04B121A0B0B0B075C7DF5D5DF9430A982E5B1122E2564CAA9A224748E193366A0845009A3EAF6D3259CAAB07A966AFF4342AB7ACCB91262D5FD3F50ED87126E55D0BD58C2AE845E75DFFF9110AC6E2F52D7AF95702C9F1E97B0AC6E2F964FB74B8856B79749A88E86EB5B246CABC7544AF89610AE1E5323A15CDD3E45B55F495857AD4EC2BBBAFF5ED5EE9350AF1E335B42BE847D755FA3847FD5E6460F061E538F79227A90F0946A0BE4E0415D2E928389E8F96C97C9414674B6C290830FF57373F46064AD6AEBA207291BE4A045DDBF59B52DD183996DD1831B39C869891EF4EC8E1E047DA21EF759F4E0484EC175207AD0241D586F3F9823E13F7E86FDADE8EDBD51DF8D818146A3D1682E6FCCB40340EF7575B698DECCB4A7F2054CCCB40340F6CFB4AF93778D65428E35ED00907E1290F71664664D7B4F823B6BDA0120BB427B2CAC3B1EC3D963002043C13D9599ED64A7754C74F69854823B678F0180EC09ED6B64C9A933AC3B1E1372C379DAE56F3BFEBD21F61E805C0AEE5D05E6AECEC39EEA37A76A430A384F3B00644368EF30B31E4F85F9316EF846D4C993273B43FB0DEC3D00B9A2AB99EEEE7E7152AAC15D2FD1E12BA601200744CF6426273EB0D475EBB3CF3EEBEFF5ECFBE52417EC1900B924D98C7BAADF74DADDE0AEFF1E811D007288735DFBA2458BFA3CB43FF8E083CED0FE187B04402E9219F7F8A52AE30A523F0F7BA2E03E36EEEFB0861D00729073894C6565659F9EFAB1A5A5C59EE1D77FBFA4A4E43CF608805C0EEECE0FA73A03782A5F9C94EC799CD611007258F4D48FAFEBE0BC64C9923E0BEDF7DC734F2CB0CB972AB23700E4BAF8A53212B8C716A47E1AC7F8E7F5F6FCF000802CE09C6D9799EFF7DE7B2FE3817DD9B265CE653107E5CB18D91300F231B8F756A2A53700801C15FDC66F3B44D7D4D458FBF6EDCB58605FBD7A75BB6531F20DE7EC010004F7FE3F000000B85C7171F17755786ED5417AC68C19D68103073212D8CBCBCBF9F02980BCD7DB252D2C8901803CE5F1782E52ED631DA865CDF99E3D7BD2BA24266E867DB93A5838962D0F20DF837BAA33E57CE81400F29C7C7BAA3E77BB3499155FBB766DAFCF12535757E70CEB047600880BE0C333F47800408E1A356AD4E52A54EF75866CF9C6D42D5BB6A4FCC549721EF6B8D9757B490C811D00520FE2430AF8A653008083D7EB1DACC2F58EB8B06D4D9C38D19A3F7FBED5DCDC6C9F6546AF7B974B09E9322BBF70E1426BCA9429F141DD3E4B0C1F3A0580C48AA281BCA893FB5B09EC008078321BAEC2FB7DF1B3EE3D69721E764EEB08009D4B36E3CE92180040974A4B4BBFA782F774E78754BBD9646DFC637CD32900F43CB813D8010029292F2F3F2ABADEFD7EF9206982E5333BBD5EEF0A751952017FB4BA7E125B0D007A1EDCEB09EC000000807BC91A76AB80D33A02000000AE76029B0000000000000000000000000000000000000000000000000000000000000000000000000040AAFE3F4E9B1CC9CCC1EE1C0000000049454E44AE426082, '1');

-- ----------------------------
-- Table structure for act_ge_property
-- ----------------------------
DROP TABLE IF EXISTS `act_ge_property`;
CREATE TABLE `act_ge_property` (
  `NAME_` varchar(64) COLLATE utf8_bin NOT NULL,
  `VALUE_` varchar(300) COLLATE utf8_bin DEFAULT NULL,
  `REV_` int(11) DEFAULT NULL,
  PRIMARY KEY (`NAME_`)
) ENGINE=InnoDB DEFAULT CHARSET=utf8 COLLATE=utf8_bin;

-- ----------------------------
-- Records of act_ge_property
-- ----------------------------
INSERT INTO `act_ge_property` VALUES ('next.dbid', '72501', '30');
INSERT INTO `act_ge_property` VALUES ('schema.history', 'create(5.22.0.0)', '1');
INSERT INTO `act_ge_property` VALUES ('schema.version', '5.22.0.0', '1');

-- ----------------------------
-- Table structure for act_hi_actinst
-- ----------------------------
DROP TABLE IF EXISTS `act_hi_actinst`;
CREATE TABLE `act_hi_actinst` (
  `ID_` varchar(64) COLLATE utf8_bin NOT NULL,
  `PROC_DEF_ID_` varchar(64) COLLATE utf8_bin NOT NULL,
  `PROC_INST_ID_` varchar(64) COLLATE utf8_bin NOT NULL,
  `EXECUTION_ID_` varchar(64) COLLATE utf8_bin NOT NULL,
  `ACT_ID_` varchar(255) COLLATE utf8_bin NOT NULL,
  `TASK_ID_` varchar(64) COLLATE utf8_bin DEFAULT NULL,
  `CALL_PROC_INST_ID_` varchar(64) COLLATE utf8_bin DEFAULT NULL,
  `ACT_NAME_` varchar(255) COLLATE utf8_bin DEFAULT NULL,
  `ACT_TYPE_` varchar(255) COLLATE utf8_bin NOT NULL,
  `ASSIGNEE_` varchar(255) COLLATE utf8_bin DEFAULT NULL,
  `START_TIME_` datetime(3) NOT NULL,
  `END_TIME_` datetime(3) DEFAULT NULL,
  `DURATION_` bigint(20) DEFAULT NULL,
  `TENANT_ID_` varchar(255) COLLATE utf8_bin DEFAULT '',
  PRIMARY KEY (`ID_`),
  KEY `ACT_IDX_HI_ACT_INST_START` (`START_TIME_`),
  KEY `ACT_IDX_HI_ACT_INST_END` (`END_TIME_`),
  KEY `ACT_IDX_HI_ACT_INST_PROCINST` (`PROC_INST_ID_`,`ACT_ID_`),
  KEY `ACT_IDX_HI_ACT_INST_EXEC` (`EXECUTION_ID_`,`ACT_ID_`)
) ENGINE=InnoDB DEFAULT CHARSET=utf8 COLLATE=utf8_bin;

-- ----------------------------
-- Records of act_hi_actinst
-- ----------------------------
INSERT INTO `act_hi_actinst` VALUES ('55004', 'leave:5:50004', '55001', '55001', 'startevent1', null, null, '', 'startEvent', null, '2018-12-25 16:24:50.810', '2018-12-25 16:24:51.365', '555', '');
INSERT INTO `act_hi_actinst` VALUES ('55005', 'leave:5:50004', '55001', '55001', 'leaderAudit', '55006', null, '', 'userTask', null, '2018-12-25 16:24:51.375', null, null, '');
INSERT INTO `act_hi_actinst` VALUES ('57504', 'leave:5:50004', '57501', '57501', 'startevent1', null, null, '', 'startEvent', null, '2018-12-25 17:18:45.357', '2018-12-25 17:18:45.393', '36', '');
INSERT INTO `act_hi_actinst` VALUES ('57505', 'leave:5:50004', '57501', '57501', 'leaderAudit', '57506', null, '', 'userTask', null, '2018-12-25 17:18:45.393', null, null, '');
INSERT INTO `act_hi_actinst` VALUES ('57511', 'leave:5:50004', '57508', '57508', 'startevent1', null, null, '', 'startEvent', null, '2018-12-25 17:19:02.252', '2018-12-25 17:19:02.256', '4', '');
INSERT INTO `act_hi_actinst` VALUES ('57512', 'leave:5:50004', '57508', '57508', 'leaderAudit', '57513', null, '', 'userTask', null, '2018-12-25 17:19:02.256', null, null, '');
INSERT INTO `act_hi_actinst` VALUES ('57518', 'leave:5:50004', '57515', '57515', 'startevent1', null, null, '', 'startEvent', null, '2018-12-25 17:19:18.829', '2018-12-25 17:19:18.831', '2', '');
INSERT INTO `act_hi_actinst` VALUES ('57519', 'leave:5:50004', '57515', '57515', 'leaderAudit', '57520', null, '', 'userTask', null, '2018-12-25 17:19:18.832', null, null, '');
INSERT INTO `act_hi_actinst` VALUES ('57525', 'leave:5:50004', '57522', '57522', 'startevent1', null, null, '', 'startEvent', null, '2018-12-25 17:19:33.926', '2018-12-25 17:19:33.929', '3', '');
INSERT INTO `act_hi_actinst` VALUES ('57526', 'leave:5:50004', '57522', '57522', 'leaderAudit', '57527', null, '', 'userTask', null, '2018-12-25 17:19:33.929', null, null, '');
INSERT INTO `act_hi_actinst` VALUES ('57532', 'leave:5:50004', '57529', '57529', 'startevent1', null, null, '', 'startEvent', null, '2018-12-25 17:19:44.747', '2018-12-25 17:19:44.750', '3', '');
INSERT INTO `act_hi_actinst` VALUES ('57533', 'leave:5:50004', '57529', '57529', 'leaderAudit', '57534', null, '', 'userTask', null, '2018-12-25 17:19:44.750', null, null, '');
INSERT INTO `act_hi_actinst` VALUES ('57539', 'leave:5:50004', '57536', '57536', 'startevent1', null, null, '', 'startEvent', null, '2018-12-25 17:21:01.458', '2018-12-25 17:21:01.461', '3', '');
INSERT INTO `act_hi_actinst` VALUES ('57540', 'leave:5:50004', '57536', '57536', 'leaderAudit', '57541', null, '', 'userTask', null, '2018-12-25 17:21:01.461', null, null, '');
INSERT INTO `act_hi_actinst` VALUES ('57546', 'leave:5:50004', '57543', '57543', 'startevent1', null, null, '', 'startEvent', null, '2018-12-25 17:21:08.128', '2018-12-25 17:21:08.130', '2', '');
INSERT INTO `act_hi_actinst` VALUES ('57547', 'leave:5:50004', '57543', '57543', 'leaderAudit', '57548', null, '', 'userTask', null, '2018-12-25 17:21:08.131', null, null, '');
INSERT INTO `act_hi_actinst` VALUES ('57553', 'leave:5:50004', '57550', '57550', 'startevent1', null, null, '', 'startEvent', null, '2018-12-25 17:21:14.124', '2018-12-25 17:21:14.126', '2', '');
INSERT INTO `act_hi_actinst` VALUES ('57554', 'leave:5:50004', '57550', '57550', 'leaderAudit', '57555', null, '', 'userTask', null, '2018-12-25 17:21:14.126', null, null, '');
INSERT INTO `act_hi_actinst` VALUES ('57560', 'leave:5:50004', '57557', '57557', 'startevent1', null, null, '', 'startEvent', null, '2018-12-25 17:21:19.696', '2018-12-25 17:21:19.698', '2', '');
INSERT INTO `act_hi_actinst` VALUES ('57561', 'leave:5:50004', '57557', '57557', 'leaderAudit', '57562', null, '', 'userTask', null, '2018-12-25 17:21:19.698', null, null, '');
INSERT INTO `act_hi_actinst` VALUES ('57567', 'leave:5:50004', '57564', '57564', 'startevent1', null, null, '', 'startEvent', null, '2018-12-25 17:21:26.379', '2018-12-25 17:21:26.382', '3', '');
INSERT INTO `act_hi_actinst` VALUES ('57568', 'leave:5:50004', '57564', '57564', 'leaderAudit', '57569', null, '', 'userTask', null, '2018-12-25 17:21:26.383', null, null, '');
INSERT INTO `act_hi_actinst` VALUES ('57574', 'leave:5:50004', '57571', '57571', 'startevent1', null, null, '', 'startEvent', null, '2018-12-25 17:22:02.412', '2018-12-25 17:22:02.414', '2', '');
INSERT INTO `act_hi_actinst` VALUES ('57575', 'leave:5:50004', '57571', '57571', 'leaderAudit', '57576', null, '', 'userTask', null, '2018-12-25 17:22:02.414', null, null, '');
INSERT INTO `act_hi_actinst` VALUES ('60008', 'leave:6:60004', '60005', '60005', 'startevent1', null, null, '', 'startEvent', null, '2018-12-29 14:14:32.828', '2018-12-29 14:14:32.859', '31', '');
INSERT INTO `act_hi_actinst` VALUES ('60010', 'leave:6:60004', '60005', '60005', 'leaderAudit', '60011', null, '', 'userTask', null, '2018-12-29 14:14:32.861', null, null, '');
INSERT INTO `act_hi_actinst` VALUES ('62504', 'leave:6:60004', '62501', '62501', 'startevent1', null, null, '', 'startEvent', null, '2018-12-29 16:14:16.159', '2018-12-29 16:14:16.193', '34', '');
INSERT INTO `act_hi_actinst` VALUES ('62506', 'leave:6:60004', '62501', '62501', 'leaderAudit', '62507', null, '', 'userTask', null, '2018-12-29 16:14:16.194', null, null, '');
INSERT INTO `act_hi_actinst` VALUES ('62515', 'leave:6:60004', '62512', '62512', 'startevent1', null, null, '', 'startEvent', null, '2018-12-29 16:16:53.475', '2018-12-29 16:16:53.479', '4', '');
INSERT INTO `act_hi_actinst` VALUES ('62517', 'leave:6:60004', '62512', '62512', 'leaderAudit', '62518', null, '', 'userTask', null, '2018-12-29 16:16:53.479', null, null, '');
INSERT INTO `act_hi_actinst` VALUES ('65004', 'leave:6:60004', '65001', '65001', 'startevent1', null, null, '', 'startEvent', null, '2018-12-29 16:21:20.672', '2018-12-29 16:21:20.698', '26', '');
INSERT INTO `act_hi_actinst` VALUES ('65006', 'leave:6:60004', '65001', '65001', 'leaderAudit', '65007', null, '', 'userTask', null, '2018-12-29 16:21:20.699', null, null, '');
INSERT INTO `act_hi_actinst` VALUES ('70004', 'leave:7:67504', '70001', '70001', 'startevent1', null, null, '', 'startEvent', null, '2018-12-29 16:31:18.259', '2018-12-29 16:31:18.288', '29', '');
INSERT INTO `act_hi_actinst` VALUES ('70007', 'leave:7:67504', '70001', '70001', 'leaderAudit', '70008', null, '', 'userTask', null, '2018-12-29 16:31:18.289', null, null, '');
INSERT INTO `act_hi_actinst` VALUES ('70015', 'leave:7:67504', '70012', '70012', 'startevent1', null, null, '', 'startEvent', null, '2018-12-29 16:32:29.711', '2018-12-29 16:32:29.714', '3', '');
INSERT INTO `act_hi_actinst` VALUES ('70018', 'leave:7:67504', '70012', '70012', 'leaderAudit', '70019', null, '', 'userTask', null, '2018-12-29 16:32:29.714', null, null, '');

-- ----------------------------
-- Table structure for act_hi_attachment
-- ----------------------------
DROP TABLE IF EXISTS `act_hi_attachment`;
CREATE TABLE `act_hi_attachment` (
  `ID_` varchar(64) COLLATE utf8_bin NOT NULL,
  `REV_` int(11) DEFAULT NULL,
  `USER_ID_` varchar(255) COLLATE utf8_bin DEFAULT NULL,
  `NAME_` varchar(255) COLLATE utf8_bin DEFAULT NULL,
  `DESCRIPTION_` varchar(4000) COLLATE utf8_bin DEFAULT NULL,
  `TYPE_` varchar(255) COLLATE utf8_bin DEFAULT NULL,
  `TASK_ID_` varchar(64) COLLATE utf8_bin DEFAULT NULL,
  `PROC_INST_ID_` varchar(64) COLLATE utf8_bin DEFAULT NULL,
  `URL_` varchar(4000) COLLATE utf8_bin DEFAULT NULL,
  `CONTENT_ID_` varchar(64) COLLATE utf8_bin DEFAULT NULL,
  `TIME_` datetime(3) DEFAULT NULL,
  PRIMARY KEY (`ID_`)
) ENGINE=InnoDB DEFAULT CHARSET=utf8 COLLATE=utf8_bin;

-- ----------------------------
-- Records of act_hi_attachment
-- ----------------------------

-- ----------------------------
-- Table structure for act_hi_comment
-- ----------------------------
DROP TABLE IF EXISTS `act_hi_comment`;
CREATE TABLE `act_hi_comment` (
  `ID_` varchar(64) COLLATE utf8_bin NOT NULL,
  `TYPE_` varchar(255) COLLATE utf8_bin DEFAULT NULL,
  `TIME_` datetime(3) NOT NULL,
  `USER_ID_` varchar(255) COLLATE utf8_bin DEFAULT NULL,
  `TASK_ID_` varchar(64) COLLATE utf8_bin DEFAULT NULL,
  `PROC_INST_ID_` varchar(64) COLLATE utf8_bin DEFAULT NULL,
  `ACTION_` varchar(255) COLLATE utf8_bin DEFAULT NULL,
  `MESSAGE_` varchar(4000) COLLATE utf8_bin DEFAULT NULL,
  `FULL_MSG_` longblob,
  PRIMARY KEY (`ID_`)
) ENGINE=InnoDB DEFAULT CHARSET=utf8 COLLATE=utf8_bin;

-- ----------------------------
-- Records of act_hi_comment
-- ----------------------------

-- ----------------------------
-- Table structure for act_hi_detail
-- ----------------------------
DROP TABLE IF EXISTS `act_hi_detail`;
CREATE TABLE `act_hi_detail` (
  `ID_` varchar(64) COLLATE utf8_bin NOT NULL,
  `TYPE_` varchar(255) COLLATE utf8_bin NOT NULL,
  `PROC_INST_ID_` varchar(64) COLLATE utf8_bin DEFAULT NULL,
  `EXECUTION_ID_` varchar(64) COLLATE utf8_bin DEFAULT NULL,
  `TASK_ID_` varchar(64) COLLATE utf8_bin DEFAULT NULL,
  `ACT_INST_ID_` varchar(64) COLLATE utf8_bin DEFAULT NULL,
  `NAME_` varchar(255) COLLATE utf8_bin NOT NULL,
  `VAR_TYPE_` varchar(255) COLLATE utf8_bin DEFAULT NULL,
  `REV_` int(11) DEFAULT NULL,
  `TIME_` datetime(3) NOT NULL,
  `BYTEARRAY_ID_` varchar(64) COLLATE utf8_bin DEFAULT NULL,
  `DOUBLE_` double DEFAULT NULL,
  `LONG_` bigint(20) DEFAULT NULL,
  `TEXT_` varchar(4000) COLLATE utf8_bin DEFAULT NULL,
  `TEXT2_` varchar(4000) COLLATE utf8_bin DEFAULT NULL,
  PRIMARY KEY (`ID_`),
  KEY `ACT_IDX_HI_DETAIL_PROC_INST` (`PROC_INST_ID_`),
  KEY `ACT_IDX_HI_DETAIL_ACT_INST` (`ACT_INST_ID_`),
  KEY `ACT_IDX_HI_DETAIL_TIME` (`TIME_`),
  KEY `ACT_IDX_HI_DETAIL_NAME` (`NAME_`),
  KEY `ACT_IDX_HI_DETAIL_TASK_ID` (`TASK_ID_`)
) ENGINE=InnoDB DEFAULT CHARSET=utf8 COLLATE=utf8_bin;

-- ----------------------------
-- Records of act_hi_detail
-- ----------------------------

-- ----------------------------
-- Table structure for act_hi_identitylink
-- ----------------------------
DROP TABLE IF EXISTS `act_hi_identitylink`;
CREATE TABLE `act_hi_identitylink` (
  `ID_` varchar(64) COLLATE utf8_bin NOT NULL,
  `GROUP_ID_` varchar(255) COLLATE utf8_bin DEFAULT NULL,
  `TYPE_` varchar(255) COLLATE utf8_bin DEFAULT NULL,
  `USER_ID_` varchar(255) COLLATE utf8_bin DEFAULT NULL,
  `TASK_ID_` varchar(64) COLLATE utf8_bin DEFAULT NULL,
  `PROC_INST_ID_` varchar(64) COLLATE utf8_bin DEFAULT NULL,
  PRIMARY KEY (`ID_`),
  KEY `ACT_IDX_HI_IDENT_LNK_USER` (`USER_ID_`),
  KEY `ACT_IDX_HI_IDENT_LNK_TASK` (`TASK_ID_`),
  KEY `ACT_IDX_HI_IDENT_LNK_PROCINST` (`PROC_INST_ID_`)
) ENGINE=InnoDB DEFAULT CHARSET=utf8 COLLATE=utf8_bin;

-- ----------------------------
-- Records of act_hi_identitylink
-- ----------------------------
INSERT INTO `act_hi_identitylink` VALUES ('55003', null, 'starter', 'jiaopeng', null, '55001');
INSERT INTO `act_hi_identitylink` VALUES ('55007', null, 'candidate', 'jiaopeng', '55006', null);
INSERT INTO `act_hi_identitylink` VALUES ('57503', null, 'starter', 'jiaopeng', null, '57501');
INSERT INTO `act_hi_identitylink` VALUES ('57507', null, 'candidate', 'jiaopeng', '57506', null);
INSERT INTO `act_hi_identitylink` VALUES ('57510', null, 'starter', 'jiaopeng', null, '57508');
INSERT INTO `act_hi_identitylink` VALUES ('57514', null, 'candidate', 'jiaopeng', '57513', null);
INSERT INTO `act_hi_identitylink` VALUES ('57517', null, 'starter', 'jiaopeng', null, '57515');
INSERT INTO `act_hi_identitylink` VALUES ('57521', null, 'candidate', 'jiaopeng', '57520', null);
INSERT INTO `act_hi_identitylink` VALUES ('57524', null, 'starter', 'jiaopeng', null, '57522');
INSERT INTO `act_hi_identitylink` VALUES ('57528', null, 'candidate', 'jiaopeng', '57527', null);
INSERT INTO `act_hi_identitylink` VALUES ('57531', null, 'starter', 'jiaopeng', null, '57529');
INSERT INTO `act_hi_identitylink` VALUES ('57535', null, 'candidate', 'jiaopeng', '57534', null);
INSERT INTO `act_hi_identitylink` VALUES ('57538', null, 'starter', 'jiaopeng', null, '57536');
INSERT INTO `act_hi_identitylink` VALUES ('57542', null, 'candidate', 'jiaopeng', '57541', null);
INSERT INTO `act_hi_identitylink` VALUES ('57545', null, 'starter', 'jiaopeng', null, '57543');
INSERT INTO `act_hi_identitylink` VALUES ('57549', null, 'candidate', 'jiaopeng', '57548', null);
INSERT INTO `act_hi_identitylink` VALUES ('57552', null, 'starter', 'jiaopeng', null, '57550');
INSERT INTO `act_hi_identitylink` VALUES ('57556', null, 'candidate', 'jiaopeng', '57555', null);
INSERT INTO `act_hi_identitylink` VALUES ('57559', null, 'starter', 'jiaopeng', null, '57557');
INSERT INTO `act_hi_identitylink` VALUES ('57563', null, 'candidate', 'jiaopeng', '57562', null);
INSERT INTO `act_hi_identitylink` VALUES ('57566', null, 'starter', 'jiaopeng', null, '57564');
INSERT INTO `act_hi_identitylink` VALUES ('57570', null, 'candidate', 'jiaopeng', '57569', null);
INSERT INTO `act_hi_identitylink` VALUES ('57573', null, 'starter', 'panxiaoyue', null, '57571');
INSERT INTO `act_hi_identitylink` VALUES ('57577', null, 'candidate', 'jiaopeng', '57576', null);
INSERT INTO `act_hi_identitylink` VALUES ('57578', null, 'participant', 'jiaopeng', null, '57571');
INSERT INTO `act_hi_identitylink` VALUES ('60007', null, 'starter', 'admin', null, '60005');
INSERT INTO `act_hi_identitylink` VALUES ('60012', null, 'candidate', 'jiaopeng', '60011', null);
INSERT INTO `act_hi_identitylink` VALUES ('60013', null, 'participant', 'jiaopeng', null, '60005');
INSERT INTO `act_hi_identitylink` VALUES ('60014', null, 'candidate', 'panxiaoyue', '60011', null);
INSERT INTO `act_hi_identitylink` VALUES ('60015', null, 'participant', 'panxiaoyue', null, '60005');
INSERT INTO `act_hi_identitylink` VALUES ('62503', null, 'starter', 'admin', null, '62501');
INSERT INTO `act_hi_identitylink` VALUES ('62508', null, 'candidate', 'jiaopeng', '62507', null);
INSERT INTO `act_hi_identitylink` VALUES ('62509', null, 'participant', 'jiaopeng', null, '62501');
INSERT INTO `act_hi_identitylink` VALUES ('62510', null, 'candidate', 'panxiaoyue', '62507', null);
INSERT INTO `act_hi_identitylink` VALUES ('62511', null, 'participant', 'panxiaoyue', null, '62501');
INSERT INTO `act_hi_identitylink` VALUES ('62514', null, 'starter', 'panxiaoyue', null, '62512');
INSERT INTO `act_hi_identitylink` VALUES ('62519', null, 'candidate', 'jiaopeng', '62518', null);
INSERT INTO `act_hi_identitylink` VALUES ('62520', null, 'participant', 'jiaopeng', null, '62512');
INSERT INTO `act_hi_identitylink` VALUES ('62521', null, 'candidate', 'panxiaoyue', '62518', null);
INSERT INTO `act_hi_identitylink` VALUES ('65003', null, 'starter', 'admin', null, '65001');
INSERT INTO `act_hi_identitylink` VALUES ('65008', null, 'candidate', 'jiaopeng', '65007', null);
INSERT INTO `act_hi_identitylink` VALUES ('65009', null, 'participant', 'jiaopeng', null, '65001');
INSERT INTO `act_hi_identitylink` VALUES ('65010', null, 'candidate', 'panxiaoyue', '65007', null);
INSERT INTO `act_hi_identitylink` VALUES ('65011', null, 'participant', 'panxiaoyue', null, '65001');
INSERT INTO `act_hi_identitylink` VALUES ('65012', null, 'candidate', 'test', '65007', null);
INSERT INTO `act_hi_identitylink` VALUES ('65013', null, 'participant', 'test', null, '65001');
INSERT INTO `act_hi_identitylink` VALUES ('70003', null, 'starter', 'admin', null, '70001');
INSERT INTO `act_hi_identitylink` VALUES ('70009', 'ordinary', 'candidate', null, '70008', null);
INSERT INTO `act_hi_identitylink` VALUES ('70010', null, 'candidate', '', '70008', null);
INSERT INTO `act_hi_identitylink` VALUES ('70011', null, 'participant', '', null, '70001');
INSERT INTO `act_hi_identitylink` VALUES ('70014', null, 'starter', 'admin', null, '70012');
INSERT INTO `act_hi_identitylink` VALUES ('70020', 'ordinary', 'candidate', null, '70019', null);
INSERT INTO `act_hi_identitylink` VALUES ('70021', null, 'candidate', '', '70019', null);
INSERT INTO `act_hi_identitylink` VALUES ('70022', null, 'participant', '', null, '70012');

-- ----------------------------
-- Table structure for act_hi_procinst
-- ----------------------------
DROP TABLE IF EXISTS `act_hi_procinst`;
CREATE TABLE `act_hi_procinst` (
  `ID_` varchar(64) COLLATE utf8_bin NOT NULL,
  `PROC_INST_ID_` varchar(64) COLLATE utf8_bin NOT NULL,
  `BUSINESS_KEY_` varchar(255) COLLATE utf8_bin DEFAULT NULL,
  `PROC_DEF_ID_` varchar(64) COLLATE utf8_bin NOT NULL,
  `START_TIME_` datetime(3) NOT NULL,
  `END_TIME_` datetime(3) DEFAULT NULL,
  `DURATION_` bigint(20) DEFAULT NULL,
  `START_USER_ID_` varchar(255) COLLATE utf8_bin DEFAULT NULL,
  `START_ACT_ID_` varchar(255) COLLATE utf8_bin DEFAULT NULL,
  `END_ACT_ID_` varchar(255) COLLATE utf8_bin DEFAULT NULL,
  `SUPER_PROCESS_INSTANCE_ID_` varchar(64) COLLATE utf8_bin DEFAULT NULL,
  `DELETE_REASON_` varchar(4000) COLLATE utf8_bin DEFAULT NULL,
  `TENANT_ID_` varchar(255) COLLATE utf8_bin DEFAULT '',
  `NAME_` varchar(255) COLLATE utf8_bin DEFAULT NULL,
  PRIMARY KEY (`ID_`),
  UNIQUE KEY `PROC_INST_ID_` (`PROC_INST_ID_`),
  KEY `ACT_IDX_HI_PRO_INST_END` (`END_TIME_`),
  KEY `ACT_IDX_HI_PRO_I_BUSKEY` (`BUSINESS_KEY_`)
) ENGINE=InnoDB DEFAULT CHARSET=utf8 COLLATE=utf8_bin;

-- ----------------------------
-- Records of act_hi_procinst
-- ----------------------------
INSERT INTO `act_hi_procinst` VALUES ('55001', '55001', 'e95cf6e446bc4a1cb58ce77bf66120e1', 'leave:5:50004', '2018-12-25 16:24:50.809', null, null, 'jiaopeng', 'startevent1', null, null, null, '', null);
INSERT INTO `act_hi_procinst` VALUES ('57501', '57501', '41a7b0d4d2dc43d89a9ad071fea4f285', 'leave:5:50004', '2018-12-25 17:18:45.357', null, null, 'jiaopeng', 'startevent1', null, null, null, '', null);
INSERT INTO `act_hi_procinst` VALUES ('57508', '57508', '7cb80ec0a6c3494982d7f4d3e9434e3a', 'leave:5:50004', '2018-12-25 17:19:02.252', null, null, 'jiaopeng', 'startevent1', null, null, null, '', null);
INSERT INTO `act_hi_procinst` VALUES ('57515', '57515', '7ccf11cd42d546b49131c360bd6039c0', 'leave:5:50004', '2018-12-25 17:19:18.829', null, null, 'jiaopeng', 'startevent1', null, null, null, '', null);
INSERT INTO `act_hi_procinst` VALUES ('57522', '57522', '6e1fc9d9316a4710a1e7e467f7657cab', 'leave:5:50004', '2018-12-25 17:19:33.926', null, null, 'jiaopeng', 'startevent1', null, null, null, '', null);
INSERT INTO `act_hi_procinst` VALUES ('57529', '57529', '59b58cd6e9234bd4bc07d497e74fbc6f', 'leave:5:50004', '2018-12-25 17:19:44.747', null, null, 'jiaopeng', 'startevent1', null, null, null, '', null);
INSERT INTO `act_hi_procinst` VALUES ('57536', '57536', 'f85f8a59aec44db982d5d8ba0020ba29', 'leave:5:50004', '2018-12-25 17:21:01.458', null, null, 'jiaopeng', 'startevent1', null, null, null, '', null);
INSERT INTO `act_hi_procinst` VALUES ('57543', '57543', '567fed92a4e546b082e6f9c8e59cee31', 'leave:5:50004', '2018-12-25 17:21:08.128', null, null, 'jiaopeng', 'startevent1', null, null, null, '', null);
INSERT INTO `act_hi_procinst` VALUES ('57550', '57550', '1da9854daa2144fea35aab52a8c859f0', 'leave:5:50004', '2018-12-25 17:21:14.124', null, null, 'jiaopeng', 'startevent1', null, null, null, '', null);
INSERT INTO `act_hi_procinst` VALUES ('57557', '57557', '04b2bae41f5a4131ae18d82fafba38a9', 'leave:5:50004', '2018-12-25 17:21:19.696', null, null, 'jiaopeng', 'startevent1', null, null, null, '', null);
INSERT INTO `act_hi_procinst` VALUES ('57564', '57564', '60de4d9eb8b04277859575d6c8339443', 'leave:5:50004', '2018-12-25 17:21:26.379', null, null, 'jiaopeng', 'startevent1', null, null, null, '', null);
INSERT INTO `act_hi_procinst` VALUES ('57571', '57571', '4ba83adfcb83474f81554fd4441b8fc7', 'leave:5:50004', '2018-12-25 17:22:02.412', null, null, 'panxiaoyue', 'startevent1', null, null, null, '', null);
INSERT INTO `act_hi_procinst` VALUES ('60005', '60005', '6680f30be5be44f29f157d2153689e40', 'leave:6:60004', '2018-12-29 14:14:32.827', null, null, 'admin', 'startevent1', null, null, null, '', null);
INSERT INTO `act_hi_procinst` VALUES ('62501', '62501', '70fb1f94dee146ada78cb6f6b1b5c175', 'leave:6:60004', '2018-12-29 16:14:16.159', null, null, 'admin', 'startevent1', null, null, null, '', null);
INSERT INTO `act_hi_procinst` VALUES ('62512', '62512', '9cf4bf11fbc64e3cbbaabf972cdd5a94', 'leave:6:60004', '2018-12-29 16:16:53.475', null, null, 'panxiaoyue', 'startevent1', null, null, null, '', null);
INSERT INTO `act_hi_procinst` VALUES ('65001', '65001', '97b53b58a6764be78c0d6959df0e56d1', 'leave:6:60004', '2018-12-29 16:21:20.672', null, null, 'admin', 'startevent1', null, null, null, '', null);
INSERT INTO `act_hi_procinst` VALUES ('70001', '70001', 'c1b9f0db25f84fd7938790f51e6a428c', 'leave:7:67504', '2018-12-29 16:31:18.259', null, null, 'admin', 'startevent1', null, null, null, '', null);
INSERT INTO `act_hi_procinst` VALUES ('70012', '70012', 'd9167bff4dba489494756d3deb8200d6', 'leave:7:67504', '2018-12-29 16:32:29.711', null, null, 'admin', 'startevent1', null, null, null, '', null);

-- ----------------------------
-- Table structure for act_hi_taskinst
-- ----------------------------
DROP TABLE IF EXISTS `act_hi_taskinst`;
CREATE TABLE `act_hi_taskinst` (
  `ID_` varchar(64) COLLATE utf8_bin NOT NULL,
  `PROC_DEF_ID_` varchar(64) COLLATE utf8_bin DEFAULT NULL,
  `TASK_DEF_KEY_` varchar(255) COLLATE utf8_bin DEFAULT NULL,
  `PROC_INST_ID_` varchar(64) COLLATE utf8_bin DEFAULT NULL,
  `EXECUTION_ID_` varchar(64) COLLATE utf8_bin DEFAULT NULL,
  `NAME_` varchar(255) COLLATE utf8_bin DEFAULT NULL,
  `PARENT_TASK_ID_` varchar(64) COLLATE utf8_bin DEFAULT NULL,
  `DESCRIPTION_` varchar(4000) COLLATE utf8_bin DEFAULT NULL,
  `OWNER_` varchar(255) COLLATE utf8_bin DEFAULT NULL,
  `ASSIGNEE_` varchar(255) COLLATE utf8_bin DEFAULT NULL,
  `START_TIME_` datetime(3) NOT NULL,
  `CLAIM_TIME_` datetime(3) DEFAULT NULL,
  `END_TIME_` datetime(3) DEFAULT NULL,
  `DURATION_` bigint(20) DEFAULT NULL,
  `DELETE_REASON_` varchar(4000) COLLATE utf8_bin DEFAULT NULL,
  `PRIORITY_` int(11) DEFAULT NULL,
  `DUE_DATE_` datetime(3) DEFAULT NULL,
  `FORM_KEY_` varchar(255) COLLATE utf8_bin DEFAULT NULL,
  `CATEGORY_` varchar(255) COLLATE utf8_bin DEFAULT NULL,
  `TENANT_ID_` varchar(255) COLLATE utf8_bin DEFAULT '',
  PRIMARY KEY (`ID_`),
  KEY `ACT_IDX_HI_TASK_INST_PROCINST` (`PROC_INST_ID_`)
) ENGINE=InnoDB DEFAULT CHARSET=utf8 COLLATE=utf8_bin;

-- ----------------------------
-- Records of act_hi_taskinst
-- ----------------------------
INSERT INTO `act_hi_taskinst` VALUES ('55006', 'leave:5:50004', 'leaderAudit', '55001', '55001', '', null, null, null, null, '2018-12-25 16:24:51.589', null, null, null, null, '50', null, null, null, '');
INSERT INTO `act_hi_taskinst` VALUES ('57506', 'leave:5:50004', 'leaderAudit', '57501', '57501', '', null, null, null, null, '2018-12-25 17:18:45.397', null, null, null, null, '50', null, null, null, '');
INSERT INTO `act_hi_taskinst` VALUES ('57513', 'leave:5:50004', 'leaderAudit', '57508', '57508', '', null, null, null, null, '2018-12-25 17:19:02.258', null, null, null, null, '50', null, null, null, '');
INSERT INTO `act_hi_taskinst` VALUES ('57520', 'leave:5:50004', 'leaderAudit', '57515', '57515', '', null, null, null, null, '2018-12-25 17:19:18.835', null, null, null, null, '50', null, null, null, '');
INSERT INTO `act_hi_taskinst` VALUES ('57527', 'leave:5:50004', 'leaderAudit', '57522', '57522', '', null, null, null, null, '2018-12-25 17:19:33.932', null, null, null, null, '50', null, null, null, '');
INSERT INTO `act_hi_taskinst` VALUES ('57534', 'leave:5:50004', 'leaderAudit', '57529', '57529', '', null, null, null, null, '2018-12-25 17:19:44.752', null, null, null, null, '50', null, null, null, '');
INSERT INTO `act_hi_taskinst` VALUES ('57541', 'leave:5:50004', 'leaderAudit', '57536', '57536', '', null, null, null, null, '2018-12-25 17:21:01.464', null, null, null, null, '50', null, null, null, '');
INSERT INTO `act_hi_taskinst` VALUES ('57548', 'leave:5:50004', 'leaderAudit', '57543', '57543', '', null, null, null, null, '2018-12-25 17:21:08.133', null, null, null, null, '50', null, null, null, '');
INSERT INTO `act_hi_taskinst` VALUES ('57555', 'leave:5:50004', 'leaderAudit', '57550', '57550', '', null, null, null, null, '2018-12-25 17:21:14.128', null, null, null, null, '50', null, null, null, '');
INSERT INTO `act_hi_taskinst` VALUES ('57562', 'leave:5:50004', 'leaderAudit', '57557', '57557', '', null, null, null, null, '2018-12-25 17:21:19.700', null, null, null, null, '50', null, null, null, '');
INSERT INTO `act_hi_taskinst` VALUES ('57569', 'leave:5:50004', 'leaderAudit', '57564', '57564', '', null, null, null, null, '2018-12-25 17:21:26.385', null, null, null, null, '50', null, null, null, '');
INSERT INTO `act_hi_taskinst` VALUES ('57576', 'leave:5:50004', 'leaderAudit', '57571', '57571', '', null, null, null, null, '2018-12-25 17:22:02.417', null, null, null, null, '50', null, null, null, '');
INSERT INTO `act_hi_taskinst` VALUES ('60011', 'leave:6:60004', 'leaderAudit', '60005', '60005', '', null, null, null, null, '2018-12-29 14:14:32.873', null, null, null, null, '50', null, null, null, '');
INSERT INTO `act_hi_taskinst` VALUES ('62507', 'leave:6:60004', 'leaderAudit', '62501', '62501', '', null, null, null, null, '2018-12-29 16:14:16.207', null, null, null, null, '50', null, null, null, '');
INSERT INTO `act_hi_taskinst` VALUES ('62518', 'leave:6:60004', 'leaderAudit', '62512', '62512', '', null, null, null, null, '2018-12-29 16:16:53.483', null, null, null, null, '50', null, null, null, '');
INSERT INTO `act_hi_taskinst` VALUES ('65007', 'leave:6:60004', 'leaderAudit', '65001', '65001', '', null, null, null, null, '2018-12-29 16:21:20.705', null, null, null, null, '50', null, null, null, '');
INSERT INTO `act_hi_taskinst` VALUES ('70008', 'leave:7:67504', 'leaderAudit', '70001', '70001', '', null, null, null, null, '2018-12-29 16:31:18.299', null, null, null, null, '50', null, null, null, '');
INSERT INTO `act_hi_taskinst` VALUES ('70019', 'leave:7:67504', 'leaderAudit', '70012', '70012', '', null, null, null, null, '2018-12-29 16:32:29.716', null, null, null, null, '50', null, null, null, '');

-- ----------------------------
-- Table structure for act_hi_varinst
-- ----------------------------
DROP TABLE IF EXISTS `act_hi_varinst`;
CREATE TABLE `act_hi_varinst` (
  `ID_` varchar(64) COLLATE utf8_bin NOT NULL,
  `PROC_INST_ID_` varchar(64) COLLATE utf8_bin DEFAULT NULL,
  `EXECUTION_ID_` varchar(64) COLLATE utf8_bin DEFAULT NULL,
  `TASK_ID_` varchar(64) COLLATE utf8_bin DEFAULT NULL,
  `NAME_` varchar(255) COLLATE utf8_bin NOT NULL,
  `VAR_TYPE_` varchar(100) COLLATE utf8_bin DEFAULT NULL,
  `REV_` int(11) DEFAULT NULL,
  `BYTEARRAY_ID_` varchar(64) COLLATE utf8_bin DEFAULT NULL,
  `DOUBLE_` double DEFAULT NULL,
  `LONG_` bigint(20) DEFAULT NULL,
  `TEXT_` varchar(4000) COLLATE utf8_bin DEFAULT NULL,
  `TEXT2_` varchar(4000) COLLATE utf8_bin DEFAULT NULL,
  `CREATE_TIME_` datetime(3) DEFAULT NULL,
  `LAST_UPDATED_TIME_` datetime(3) DEFAULT NULL,
  PRIMARY KEY (`ID_`),
  KEY `ACT_IDX_HI_PROCVAR_PROC_INST` (`PROC_INST_ID_`),
  KEY `ACT_IDX_HI_PROCVAR_NAME_TYPE` (`NAME_`,`VAR_TYPE_`),
  KEY `ACT_IDX_HI_PROCVAR_TASK_ID` (`TASK_ID_`)
) ENGINE=InnoDB DEFAULT CHARSET=utf8 COLLATE=utf8_bin;

-- ----------------------------
-- Records of act_hi_varinst
-- ----------------------------
INSERT INTO `act_hi_varinst` VALUES ('55002', '55001', '55001', null, 'startUserId', 'string', '0', null, null, null, 'jiaopeng', null, '2018-12-25 16:24:50.737', '2018-12-25 16:24:50.737');
INSERT INTO `act_hi_varinst` VALUES ('57502', '57501', '57501', null, 'startUserId', 'string', '0', null, null, null, 'jiaopeng', null, '2018-12-25 17:18:45.348', '2018-12-25 17:18:45.348');
INSERT INTO `act_hi_varinst` VALUES ('57509', '57508', '57508', null, 'startUserId', 'string', '0', null, null, null, 'jiaopeng', null, '2018-12-25 17:19:02.250', '2018-12-25 17:19:02.250');
INSERT INTO `act_hi_varinst` VALUES ('57516', '57515', '57515', null, 'startUserId', 'string', '0', null, null, null, 'jiaopeng', null, '2018-12-25 17:19:18.827', '2018-12-25 17:19:18.827');
INSERT INTO `act_hi_varinst` VALUES ('57523', '57522', '57522', null, 'startUserId', 'string', '0', null, null, null, 'jiaopeng', null, '2018-12-25 17:19:33.924', '2018-12-25 17:19:33.924');
INSERT INTO `act_hi_varinst` VALUES ('57530', '57529', '57529', null, 'startUserId', 'string', '0', null, null, null, 'jiaopeng', null, '2018-12-25 17:19:44.745', '2018-12-25 17:19:44.745');
INSERT INTO `act_hi_varinst` VALUES ('57537', '57536', '57536', null, 'startUserId', 'string', '0', null, null, null, 'jiaopeng', null, '2018-12-25 17:21:01.455', '2018-12-25 17:21:01.455');
INSERT INTO `act_hi_varinst` VALUES ('57544', '57543', '57543', null, 'startUserId', 'string', '0', null, null, null, 'jiaopeng', null, '2018-12-25 17:21:08.125', '2018-12-25 17:21:08.125');
INSERT INTO `act_hi_varinst` VALUES ('57551', '57550', '57550', null, 'startUserId', 'string', '0', null, null, null, 'jiaopeng', null, '2018-12-25 17:21:14.122', '2018-12-25 17:21:14.122');
INSERT INTO `act_hi_varinst` VALUES ('57558', '57557', '57557', null, 'startUserId', 'string', '0', null, null, null, 'jiaopeng', null, '2018-12-25 17:21:19.694', '2018-12-25 17:21:19.694');
INSERT INTO `act_hi_varinst` VALUES ('57565', '57564', '57564', null, 'startUserId', 'string', '0', null, null, null, 'jiaopeng', null, '2018-12-25 17:21:26.376', '2018-12-25 17:21:26.376');
INSERT INTO `act_hi_varinst` VALUES ('57572', '57571', '57571', null, 'startUserId', 'string', '0', null, null, null, 'panxiaoyue', null, '2018-12-25 17:22:02.410', '2018-12-25 17:22:02.410');
INSERT INTO `act_hi_varinst` VALUES ('60006', '60005', '60005', null, 'startUserId', 'string', '0', null, null, null, 'admin', null, '2018-12-29 14:14:32.812', '2018-12-29 14:14:32.812');
INSERT INTO `act_hi_varinst` VALUES ('60009', '60005', '60005', null, 'userId', 'string', '0', null, null, null, 'jiaopeng,panxiaoyue', null, '2018-12-29 14:14:32.828', '2018-12-29 14:14:32.828');
INSERT INTO `act_hi_varinst` VALUES ('62502', '62501', '62501', null, 'startUserId', 'string', '0', null, null, null, 'admin', null, '2018-12-29 16:14:16.147', '2018-12-29 16:14:16.147');
INSERT INTO `act_hi_varinst` VALUES ('62505', '62501', '62501', null, 'userId', 'string', '0', null, null, null, 'jiaopeng,panxiaoyue', null, '2018-12-29 16:14:16.160', '2018-12-29 16:14:16.160');
INSERT INTO `act_hi_varinst` VALUES ('62513', '62512', '62512', null, 'startUserId', 'string', '0', null, null, null, 'panxiaoyue', null, '2018-12-29 16:16:53.473', '2018-12-29 16:16:53.473');
INSERT INTO `act_hi_varinst` VALUES ('62516', '62512', '62512', null, 'userId', 'string', '0', null, null, null, 'jiaopeng,panxiaoyue', null, '2018-12-29 16:16:53.475', '2018-12-29 16:16:53.475');
INSERT INTO `act_hi_varinst` VALUES ('65002', '65001', '65001', null, 'startUserId', 'string', '0', null, null, null, 'admin', null, '2018-12-29 16:21:20.662', '2018-12-29 16:21:20.662');
INSERT INTO `act_hi_varinst` VALUES ('65005', '65001', '65001', null, 'userId', 'string', '0', null, null, null, 'jiaopeng,panxiaoyue,test', null, '2018-12-29 16:21:20.672', '2018-12-29 16:21:20.672');
INSERT INTO `act_hi_varinst` VALUES ('70002', '70001', '70001', null, 'startUserId', 'string', '0', null, null, null, 'admin', null, '2018-12-29 16:31:18.253', '2018-12-29 16:31:18.253');
INSERT INTO `act_hi_varinst` VALUES ('70005', '70001', '70001', null, 'roles', 'string', '0', null, null, null, 'ordinary', null, '2018-12-29 16:31:18.259', '2018-12-29 16:31:18.259');
INSERT INTO `act_hi_varinst` VALUES ('70006', '70001', '70001', null, 'userId', 'string', '0', null, null, null, '', null, '2018-12-29 16:31:18.259', '2018-12-29 16:31:18.259');
INSERT INTO `act_hi_varinst` VALUES ('70013', '70012', '70012', null, 'startUserId', 'string', '0', null, null, null, 'admin', null, '2018-12-29 16:32:29.708', '2018-12-29 16:32:29.708');
INSERT INTO `act_hi_varinst` VALUES ('70016', '70012', '70012', null, 'roles', 'string', '0', null, null, null, 'ordinary', null, '2018-12-29 16:32:29.711', '2018-12-29 16:32:29.711');
INSERT INTO `act_hi_varinst` VALUES ('70017', '70012', '70012', null, 'userId', 'string', '0', null, null, null, '', null, '2018-12-29 16:32:29.711', '2018-12-29 16:32:29.711');

-- ----------------------------
-- Table structure for act_id_group
-- ----------------------------
DROP TABLE IF EXISTS `act_id_group`;
CREATE TABLE `act_id_group` (
  `ID_` varchar(64) COLLATE utf8_bin NOT NULL,
  `REV_` int(11) DEFAULT NULL,
  `NAME_` varchar(255) COLLATE utf8_bin DEFAULT NULL,
  `TYPE_` varchar(255) COLLATE utf8_bin DEFAULT NULL,
  PRIMARY KEY (`ID_`)
) ENGINE=InnoDB DEFAULT CHARSET=utf8 COLLATE=utf8_bin;

-- ----------------------------
-- Records of act_id_group
-- ----------------------------

-- ----------------------------
-- Table structure for act_id_info
-- ----------------------------
DROP TABLE IF EXISTS `act_id_info`;
CREATE TABLE `act_id_info` (
  `ID_` varchar(64) COLLATE utf8_bin NOT NULL,
  `REV_` int(11) DEFAULT NULL,
  `USER_ID_` varchar(64) COLLATE utf8_bin DEFAULT NULL,
  `TYPE_` varchar(64) COLLATE utf8_bin DEFAULT NULL,
  `KEY_` varchar(255) COLLATE utf8_bin DEFAULT NULL,
  `VALUE_` varchar(255) COLLATE utf8_bin DEFAULT NULL,
  `PASSWORD_` longblob,
  `PARENT_ID_` varchar(255) COLLATE utf8_bin DEFAULT NULL,
  PRIMARY KEY (`ID_`)
) ENGINE=InnoDB DEFAULT CHARSET=utf8 COLLATE=utf8_bin;

-- ----------------------------
-- Records of act_id_info
-- ----------------------------

-- ----------------------------
-- Table structure for act_id_membership
-- ----------------------------
DROP TABLE IF EXISTS `act_id_membership`;
CREATE TABLE `act_id_membership` (
  `USER_ID_` varchar(64) COLLATE utf8_bin NOT NULL,
  `GROUP_ID_` varchar(64) COLLATE utf8_bin NOT NULL,
  PRIMARY KEY (`USER_ID_`,`GROUP_ID_`),
  KEY `ACT_FK_MEMB_GROUP` (`GROUP_ID_`),
  CONSTRAINT `ACT_FK_MEMB_GROUP` FOREIGN KEY (`GROUP_ID_`) REFERENCES `act_id_group` (`ID_`),
  CONSTRAINT `ACT_FK_MEMB_USER` FOREIGN KEY (`USER_ID_`) REFERENCES `act_id_user` (`ID_`)
) ENGINE=InnoDB DEFAULT CHARSET=utf8 COLLATE=utf8_bin;

-- ----------------------------
-- Records of act_id_membership
-- ----------------------------

-- ----------------------------
-- Table structure for act_id_user
-- ----------------------------
DROP TABLE IF EXISTS `act_id_user`;
CREATE TABLE `act_id_user` (
  `ID_` varchar(64) COLLATE utf8_bin NOT NULL,
  `REV_` int(11) DEFAULT NULL,
  `FIRST_` varchar(255) COLLATE utf8_bin DEFAULT NULL,
  `LAST_` varchar(255) COLLATE utf8_bin DEFAULT NULL,
  `EMAIL_` varchar(255) COLLATE utf8_bin DEFAULT NULL,
  `PWD_` varchar(255) COLLATE utf8_bin DEFAULT NULL,
  `PICTURE_ID_` varchar(64) COLLATE utf8_bin DEFAULT NULL,
  PRIMARY KEY (`ID_`)
) ENGINE=InnoDB DEFAULT CHARSET=utf8 COLLATE=utf8_bin;

-- ----------------------------
-- Records of act_id_user
-- ----------------------------

-- ----------------------------
-- Table structure for act_procdef_info
-- ----------------------------
DROP TABLE IF EXISTS `act_procdef_info`;
CREATE TABLE `act_procdef_info` (
  `ID_` varchar(64) COLLATE utf8_bin NOT NULL,
  `PROC_DEF_ID_` varchar(64) COLLATE utf8_bin NOT NULL,
  `REV_` int(11) DEFAULT NULL,
  `INFO_JSON_ID_` varchar(64) COLLATE utf8_bin DEFAULT NULL,
  PRIMARY KEY (`ID_`),
  UNIQUE KEY `ACT_UNIQ_INFO_PROCDEF` (`PROC_DEF_ID_`),
  KEY `ACT_IDX_INFO_PROCDEF` (`PROC_DEF_ID_`),
  KEY `ACT_FK_INFO_JSON_BA` (`INFO_JSON_ID_`),
  CONSTRAINT `ACT_FK_INFO_JSON_BA` FOREIGN KEY (`INFO_JSON_ID_`) REFERENCES `act_ge_bytearray` (`ID_`),
  CONSTRAINT `ACT_FK_INFO_PROCDEF` FOREIGN KEY (`PROC_DEF_ID_`) REFERENCES `act_re_procdef` (`ID_`)
) ENGINE=InnoDB DEFAULT CHARSET=utf8 COLLATE=utf8_bin;

-- ----------------------------
-- Records of act_procdef_info
-- ----------------------------

-- ----------------------------
-- Table structure for act_re_deployment
-- ----------------------------
DROP TABLE IF EXISTS `act_re_deployment`;
CREATE TABLE `act_re_deployment` (
  `ID_` varchar(64) COLLATE utf8_bin NOT NULL,
  `NAME_` varchar(255) COLLATE utf8_bin DEFAULT NULL,
  `CATEGORY_` varchar(255) COLLATE utf8_bin DEFAULT NULL,
  `TENANT_ID_` varchar(255) COLLATE utf8_bin DEFAULT '',
  `DEPLOY_TIME_` timestamp(3) NULL DEFAULT NULL,
  PRIMARY KEY (`ID_`)
) ENGINE=InnoDB DEFAULT CHARSET=utf8 COLLATE=utf8_bin;

-- ----------------------------
-- Records of act_re_deployment
-- ----------------------------
INSERT INTO `act_re_deployment` VALUES ('50001', 'E:\\eclipse-workspace\\JPS_new_workspace\\.metadata\\.plugins\\org.eclipse.wst.server.core\\tmp0\\wtpwebapps\\jps\\WEB-INF\\classes\\activiti-bpmn\\leave.bpmn', null, '', '2018-12-25 14:38:03.447');
INSERT INTO `act_re_deployment` VALUES ('60001', 'E:\\eclipse-workspace\\JPS_new_workspace\\.metadata\\.plugins\\org.eclipse.wst.server.core\\tmp0\\wtpwebapps\\jps\\WEB-INF\\classes\\activiti-bpmn\\leave.bpmn', null, '', '2018-12-29 14:12:26.461');
INSERT INTO `act_re_deployment` VALUES ('67501', 'E:\\eclipse-workspace\\JPS_new_workspace\\.metadata\\.plugins\\org.eclipse.wst.server.core\\tmp0\\wtpwebapps\\jps\\WEB-INF\\classes\\activiti-bpmn\\leave.bpmn', null, '', '2018-12-29 16:26:36.277');

-- ----------------------------
-- Table structure for act_re_model
-- ----------------------------
DROP TABLE IF EXISTS `act_re_model`;
CREATE TABLE `act_re_model` (
  `ID_` varchar(64) COLLATE utf8_bin NOT NULL,
  `REV_` int(11) DEFAULT NULL,
  `NAME_` varchar(255) COLLATE utf8_bin DEFAULT NULL,
  `KEY_` varchar(255) COLLATE utf8_bin DEFAULT NULL,
  `CATEGORY_` varchar(255) COLLATE utf8_bin DEFAULT NULL,
  `CREATE_TIME_` timestamp(3) NULL DEFAULT NULL,
  `LAST_UPDATE_TIME_` timestamp(3) NULL DEFAULT NULL,
  `VERSION_` int(11) DEFAULT NULL,
  `META_INFO_` varchar(4000) COLLATE utf8_bin DEFAULT NULL,
  `DEPLOYMENT_ID_` varchar(64) COLLATE utf8_bin DEFAULT NULL,
  `EDITOR_SOURCE_VALUE_ID_` varchar(64) COLLATE utf8_bin DEFAULT NULL,
  `EDITOR_SOURCE_EXTRA_VALUE_ID_` varchar(64) COLLATE utf8_bin DEFAULT NULL,
  `TENANT_ID_` varchar(255) COLLATE utf8_bin DEFAULT '',
  PRIMARY KEY (`ID_`),
  KEY `ACT_FK_MODEL_SOURCE` (`EDITOR_SOURCE_VALUE_ID_`),
  KEY `ACT_FK_MODEL_SOURCE_EXTRA` (`EDITOR_SOURCE_EXTRA_VALUE_ID_`),
  KEY `ACT_FK_MODEL_DEPLOYMENT` (`DEPLOYMENT_ID_`),
  CONSTRAINT `ACT_FK_MODEL_DEPLOYMENT` FOREIGN KEY (`DEPLOYMENT_ID_`) REFERENCES `act_re_deployment` (`ID_`),
  CONSTRAINT `ACT_FK_MODEL_SOURCE` FOREIGN KEY (`EDITOR_SOURCE_VALUE_ID_`) REFERENCES `act_ge_bytearray` (`ID_`),
  CONSTRAINT `ACT_FK_MODEL_SOURCE_EXTRA` FOREIGN KEY (`EDITOR_SOURCE_EXTRA_VALUE_ID_`) REFERENCES `act_ge_bytearray` (`ID_`)
) ENGINE=InnoDB DEFAULT CHARSET=utf8 COLLATE=utf8_bin;

-- ----------------------------
-- Records of act_re_model
-- ----------------------------

-- ----------------------------
-- Table structure for act_re_procdef
-- ----------------------------
DROP TABLE IF EXISTS `act_re_procdef`;
CREATE TABLE `act_re_procdef` (
  `ID_` varchar(64) COLLATE utf8_bin NOT NULL,
  `REV_` int(11) DEFAULT NULL,
  `CATEGORY_` varchar(255) COLLATE utf8_bin DEFAULT NULL,
  `NAME_` varchar(255) COLLATE utf8_bin DEFAULT NULL,
  `KEY_` varchar(255) COLLATE utf8_bin NOT NULL,
  `VERSION_` int(11) NOT NULL,
  `DEPLOYMENT_ID_` varchar(64) COLLATE utf8_bin DEFAULT NULL,
  `RESOURCE_NAME_` varchar(4000) COLLATE utf8_bin DEFAULT NULL,
  `DGRM_RESOURCE_NAME_` varchar(4000) COLLATE utf8_bin DEFAULT NULL,
  `DESCRIPTION_` varchar(4000) COLLATE utf8_bin DEFAULT NULL,
  `HAS_START_FORM_KEY_` tinyint(4) DEFAULT NULL,
  `HAS_GRAPHICAL_NOTATION_` tinyint(4) DEFAULT NULL,
  `SUSPENSION_STATE_` int(11) DEFAULT NULL,
  `TENANT_ID_` varchar(255) COLLATE utf8_bin DEFAULT '',
  PRIMARY KEY (`ID_`),
  UNIQUE KEY `ACT_UNIQ_PROCDEF` (`KEY_`,`VERSION_`,`TENANT_ID_`)
) ENGINE=InnoDB DEFAULT CHARSET=utf8 COLLATE=utf8_bin;

-- ----------------------------
-- Records of act_re_procdef
-- ----------------------------
INSERT INTO `act_re_procdef` VALUES ('leave:5:50004', '1', 'http://www.activiti.org/test', '', 'leave', '5', '50001', 'E:\\eclipse-workspace\\JPS_new_workspace\\.metadata\\.plugins\\org.eclipse.wst.server.core\\tmp0\\wtpwebapps\\jps\\WEB-INF\\classes\\activiti-bpmn\\leave.bpmn', 'E:\\eclipse-workspace\\JPS_new_workspace\\.metadata\\.plugins\\org.eclipse.wst.server.core\\tmp0\\wtpwebapps\\jps\\WEB-INF\\classes\\activiti-bpmn\\leave.leave.png', null, '0', '1', '1', '');
INSERT INTO `act_re_procdef` VALUES ('leave:6:60004', '1', 'http://www.activiti.org/test', '', 'leave', '6', '60001', 'E:\\eclipse-workspace\\JPS_new_workspace\\.metadata\\.plugins\\org.eclipse.wst.server.core\\tmp0\\wtpwebapps\\jps\\WEB-INF\\classes\\activiti-bpmn\\leave.bpmn', 'E:\\eclipse-workspace\\JPS_new_workspace\\.metadata\\.plugins\\org.eclipse.wst.server.core\\tmp0\\wtpwebapps\\jps\\WEB-INF\\classes\\activiti-bpmn\\leave.leave.png', null, '0', '1', '1', '');
INSERT INTO `act_re_procdef` VALUES ('leave:7:67504', '1', 'http://www.activiti.org/test', '', 'leave', '7', '67501', 'E:\\eclipse-workspace\\JPS_new_workspace\\.metadata\\.plugins\\org.eclipse.wst.server.core\\tmp0\\wtpwebapps\\jps\\WEB-INF\\classes\\activiti-bpmn\\leave.bpmn', 'E:\\eclipse-workspace\\JPS_new_workspace\\.metadata\\.plugins\\org.eclipse.wst.server.core\\tmp0\\wtpwebapps\\jps\\WEB-INF\\classes\\activiti-bpmn\\leave.leave.png', null, '0', '1', '1', '');

-- ----------------------------
-- Table structure for act_ru_event_subscr
-- ----------------------------
DROP TABLE IF EXISTS `act_ru_event_subscr`;
CREATE TABLE `act_ru_event_subscr` (
  `ID_` varchar(64) COLLATE utf8_bin NOT NULL,
  `REV_` int(11) DEFAULT NULL,
  `EVENT_TYPE_` varchar(255) COLLATE utf8_bin NOT NULL,
  `EVENT_NAME_` varchar(255) COLLATE utf8_bin DEFAULT NULL,
  `EXECUTION_ID_` varchar(64) COLLATE utf8_bin DEFAULT NULL,
  `PROC_INST_ID_` varchar(64) COLLATE utf8_bin DEFAULT NULL,
  `ACTIVITY_ID_` varchar(64) COLLATE utf8_bin DEFAULT NULL,
  `CONFIGURATION_` varchar(255) COLLATE utf8_bin DEFAULT NULL,
  `CREATED_` timestamp(3) NOT NULL DEFAULT CURRENT_TIMESTAMP(3),
  `PROC_DEF_ID_` varchar(64) COLLATE utf8_bin DEFAULT NULL,
  `TENANT_ID_` varchar(255) COLLATE utf8_bin DEFAULT '',
  PRIMARY KEY (`ID_`),
  KEY `ACT_IDX_EVENT_SUBSCR_CONFIG_` (`CONFIGURATION_`),
  KEY `ACT_FK_EVENT_EXEC` (`EXECUTION_ID_`),
  CONSTRAINT `ACT_FK_EVENT_EXEC` FOREIGN KEY (`EXECUTION_ID_`) REFERENCES `act_ru_execution` (`ID_`)
) ENGINE=InnoDB DEFAULT CHARSET=utf8 COLLATE=utf8_bin;

-- ----------------------------
-- Records of act_ru_event_subscr
-- ----------------------------

-- ----------------------------
-- Table structure for act_ru_execution
-- ----------------------------
DROP TABLE IF EXISTS `act_ru_execution`;
CREATE TABLE `act_ru_execution` (
  `ID_` varchar(64) COLLATE utf8_bin NOT NULL,
  `REV_` int(11) DEFAULT NULL,
  `PROC_INST_ID_` varchar(64) COLLATE utf8_bin DEFAULT NULL,
  `BUSINESS_KEY_` varchar(255) COLLATE utf8_bin DEFAULT NULL,
  `PARENT_ID_` varchar(64) COLLATE utf8_bin DEFAULT NULL,
  `PROC_DEF_ID_` varchar(64) COLLATE utf8_bin DEFAULT NULL,
  `SUPER_EXEC_` varchar(64) COLLATE utf8_bin DEFAULT NULL,
  `ACT_ID_` varchar(255) COLLATE utf8_bin DEFAULT NULL,
  `IS_ACTIVE_` tinyint(4) DEFAULT NULL,
  `IS_CONCURRENT_` tinyint(4) DEFAULT NULL,
  `IS_SCOPE_` tinyint(4) DEFAULT NULL,
  `IS_EVENT_SCOPE_` tinyint(4) DEFAULT NULL,
  `SUSPENSION_STATE_` int(11) DEFAULT NULL,
  `CACHED_ENT_STATE_` int(11) DEFAULT NULL,
  `TENANT_ID_` varchar(255) COLLATE utf8_bin DEFAULT '',
  `NAME_` varchar(255) COLLATE utf8_bin DEFAULT NULL,
  `LOCK_TIME_` timestamp(3) NULL DEFAULT NULL,
  PRIMARY KEY (`ID_`),
  KEY `ACT_IDX_EXEC_BUSKEY` (`BUSINESS_KEY_`),
  KEY `ACT_FK_EXE_PROCINST` (`PROC_INST_ID_`),
  KEY `ACT_FK_EXE_PARENT` (`PARENT_ID_`),
  KEY `ACT_FK_EXE_SUPER` (`SUPER_EXEC_`),
  KEY `ACT_FK_EXE_PROCDEF` (`PROC_DEF_ID_`),
  CONSTRAINT `ACT_FK_EXE_PARENT` FOREIGN KEY (`PARENT_ID_`) REFERENCES `act_ru_execution` (`ID_`),
  CONSTRAINT `ACT_FK_EXE_PROCDEF` FOREIGN KEY (`PROC_DEF_ID_`) REFERENCES `act_re_procdef` (`ID_`),
  CONSTRAINT `ACT_FK_EXE_PROCINST` FOREIGN KEY (`PROC_INST_ID_`) REFERENCES `act_ru_execution` (`ID_`) ON DELETE CASCADE ON UPDATE CASCADE,
  CONSTRAINT `ACT_FK_EXE_SUPER` FOREIGN KEY (`SUPER_EXEC_`) REFERENCES `act_ru_execution` (`ID_`)
) ENGINE=InnoDB DEFAULT CHARSET=utf8 COLLATE=utf8_bin;

-- ----------------------------
-- Records of act_ru_execution
-- ----------------------------
INSERT INTO `act_ru_execution` VALUES ('55001', '1', '55001', 'e95cf6e446bc4a1cb58ce77bf66120e1', null, 'leave:5:50004', null, 'leaderAudit', '1', '0', '1', '0', '1', '2', '', null, null);
INSERT INTO `act_ru_execution` VALUES ('57501', '1', '57501', '41a7b0d4d2dc43d89a9ad071fea4f285', null, 'leave:5:50004', null, 'leaderAudit', '1', '0', '1', '0', '1', '2', '', null, null);
INSERT INTO `act_ru_execution` VALUES ('57508', '1', '57508', '7cb80ec0a6c3494982d7f4d3e9434e3a', null, 'leave:5:50004', null, 'leaderAudit', '1', '0', '1', '0', '1', '2', '', null, null);
INSERT INTO `act_ru_execution` VALUES ('57515', '1', '57515', '7ccf11cd42d546b49131c360bd6039c0', null, 'leave:5:50004', null, 'leaderAudit', '1', '0', '1', '0', '1', '2', '', null, null);
INSERT INTO `act_ru_execution` VALUES ('57522', '1', '57522', '6e1fc9d9316a4710a1e7e467f7657cab', null, 'leave:5:50004', null, 'leaderAudit', '1', '0', '1', '0', '1', '2', '', null, null);
INSERT INTO `act_ru_execution` VALUES ('57529', '1', '57529', '59b58cd6e9234bd4bc07d497e74fbc6f', null, 'leave:5:50004', null, 'leaderAudit', '1', '0', '1', '0', '1', '2', '', null, null);
INSERT INTO `act_ru_execution` VALUES ('57536', '1', '57536', 'f85f8a59aec44db982d5d8ba0020ba29', null, 'leave:5:50004', null, 'leaderAudit', '1', '0', '1', '0', '1', '2', '', null, null);
INSERT INTO `act_ru_execution` VALUES ('57543', '1', '57543', '567fed92a4e546b082e6f9c8e59cee31', null, 'leave:5:50004', null, 'leaderAudit', '1', '0', '1', '0', '1', '2', '', null, null);
INSERT INTO `act_ru_execution` VALUES ('57550', '1', '57550', '1da9854daa2144fea35aab52a8c859f0', null, 'leave:5:50004', null, 'leaderAudit', '1', '0', '1', '0', '1', '2', '', null, null);
INSERT INTO `act_ru_execution` VALUES ('57557', '1', '57557', '04b2bae41f5a4131ae18d82fafba38a9', null, 'leave:5:50004', null, 'leaderAudit', '1', '0', '1', '0', '1', '2', '', null, null);
INSERT INTO `act_ru_execution` VALUES ('57564', '1', '57564', '60de4d9eb8b04277859575d6c8339443', null, 'leave:5:50004', null, 'leaderAudit', '1', '0', '1', '0', '1', '2', '', null, null);
INSERT INTO `act_ru_execution` VALUES ('57571', '1', '57571', '4ba83adfcb83474f81554fd4441b8fc7', null, 'leave:5:50004', null, 'leaderAudit', '1', '0', '1', '0', '1', '2', '', null, null);
INSERT INTO `act_ru_execution` VALUES ('60005', '1', '60005', '6680f30be5be44f29f157d2153689e40', null, 'leave:6:60004', null, 'leaderAudit', '1', '0', '1', '0', '1', '2', '', null, null);
INSERT INTO `act_ru_execution` VALUES ('62501', '1', '62501', '70fb1f94dee146ada78cb6f6b1b5c175', null, 'leave:6:60004', null, 'leaderAudit', '1', '0', '1', '0', '1', '2', '', null, null);
INSERT INTO `act_ru_execution` VALUES ('62512', '1', '62512', '9cf4bf11fbc64e3cbbaabf972cdd5a94', null, 'leave:6:60004', null, 'leaderAudit', '1', '0', '1', '0', '1', '2', '', null, null);
INSERT INTO `act_ru_execution` VALUES ('65001', '1', '65001', '97b53b58a6764be78c0d6959df0e56d1', null, 'leave:6:60004', null, 'leaderAudit', '1', '0', '1', '0', '1', '2', '', null, null);
INSERT INTO `act_ru_execution` VALUES ('70001', '1', '70001', 'c1b9f0db25f84fd7938790f51e6a428c', null, 'leave:7:67504', null, 'leaderAudit', '1', '0', '1', '0', '1', '2', '', null, null);
INSERT INTO `act_ru_execution` VALUES ('70012', '1', '70012', 'd9167bff4dba489494756d3deb8200d6', null, 'leave:7:67504', null, 'leaderAudit', '1', '0', '1', '0', '1', '2', '', null, null);

-- ----------------------------
-- Table structure for act_ru_identitylink
-- ----------------------------
DROP TABLE IF EXISTS `act_ru_identitylink`;
CREATE TABLE `act_ru_identitylink` (
  `ID_` varchar(64) COLLATE utf8_bin NOT NULL,
  `REV_` int(11) DEFAULT NULL,
  `GROUP_ID_` varchar(255) COLLATE utf8_bin DEFAULT NULL,
  `TYPE_` varchar(255) COLLATE utf8_bin DEFAULT NULL,
  `USER_ID_` varchar(255) COLLATE utf8_bin DEFAULT NULL,
  `TASK_ID_` varchar(64) COLLATE utf8_bin DEFAULT NULL,
  `PROC_INST_ID_` varchar(64) COLLATE utf8_bin DEFAULT NULL,
  `PROC_DEF_ID_` varchar(64) COLLATE utf8_bin DEFAULT NULL,
  PRIMARY KEY (`ID_`),
  KEY `ACT_IDX_IDENT_LNK_USER` (`USER_ID_`),
  KEY `ACT_IDX_IDENT_LNK_GROUP` (`GROUP_ID_`),
  KEY `ACT_IDX_ATHRZ_PROCEDEF` (`PROC_DEF_ID_`),
  KEY `ACT_FK_TSKASS_TASK` (`TASK_ID_`),
  KEY `ACT_FK_IDL_PROCINST` (`PROC_INST_ID_`),
  CONSTRAINT `ACT_FK_ATHRZ_PROCEDEF` FOREIGN KEY (`PROC_DEF_ID_`) REFERENCES `act_re_procdef` (`ID_`),
  CONSTRAINT `ACT_FK_IDL_PROCINST` FOREIGN KEY (`PROC_INST_ID_`) REFERENCES `act_ru_execution` (`ID_`),
  CONSTRAINT `ACT_FK_TSKASS_TASK` FOREIGN KEY (`TASK_ID_`) REFERENCES `act_ru_task` (`ID_`)
) ENGINE=InnoDB DEFAULT CHARSET=utf8 COLLATE=utf8_bin;

-- ----------------------------
-- Records of act_ru_identitylink
-- ----------------------------
INSERT INTO `act_ru_identitylink` VALUES ('55003', '1', null, 'starter', 'jiaopeng', null, '55001', null);
INSERT INTO `act_ru_identitylink` VALUES ('55007', '1', null, 'candidate', 'jiaopeng', '55006', null, null);
INSERT INTO `act_ru_identitylink` VALUES ('57503', '1', null, 'starter', 'jiaopeng', null, '57501', null);
INSERT INTO `act_ru_identitylink` VALUES ('57507', '1', null, 'candidate', 'jiaopeng', '57506', null, null);
INSERT INTO `act_ru_identitylink` VALUES ('57510', '1', null, 'starter', 'jiaopeng', null, '57508', null);
INSERT INTO `act_ru_identitylink` VALUES ('57514', '1', null, 'candidate', 'jiaopeng', '57513', null, null);
INSERT INTO `act_ru_identitylink` VALUES ('57517', '1', null, 'starter', 'jiaopeng', null, '57515', null);
INSERT INTO `act_ru_identitylink` VALUES ('57521', '1', null, 'candidate', 'jiaopeng', '57520', null, null);
INSERT INTO `act_ru_identitylink` VALUES ('57524', '1', null, 'starter', 'jiaopeng', null, '57522', null);
INSERT INTO `act_ru_identitylink` VALUES ('57528', '1', null, 'candidate', 'jiaopeng', '57527', null, null);
INSERT INTO `act_ru_identitylink` VALUES ('57531', '1', null, 'starter', 'jiaopeng', null, '57529', null);
INSERT INTO `act_ru_identitylink` VALUES ('57535', '1', null, 'candidate', 'jiaopeng', '57534', null, null);
INSERT INTO `act_ru_identitylink` VALUES ('57538', '1', null, 'starter', 'jiaopeng', null, '57536', null);
INSERT INTO `act_ru_identitylink` VALUES ('57542', '1', null, 'candidate', 'jiaopeng', '57541', null, null);
INSERT INTO `act_ru_identitylink` VALUES ('57545', '1', null, 'starter', 'jiaopeng', null, '57543', null);
INSERT INTO `act_ru_identitylink` VALUES ('57549', '1', null, 'candidate', 'jiaopeng', '57548', null, null);
INSERT INTO `act_ru_identitylink` VALUES ('57552', '1', null, 'starter', 'jiaopeng', null, '57550', null);
INSERT INTO `act_ru_identitylink` VALUES ('57556', '1', null, 'candidate', 'jiaopeng', '57555', null, null);
INSERT INTO `act_ru_identitylink` VALUES ('57559', '1', null, 'starter', 'jiaopeng', null, '57557', null);
INSERT INTO `act_ru_identitylink` VALUES ('57563', '1', null, 'candidate', 'jiaopeng', '57562', null, null);
INSERT INTO `act_ru_identitylink` VALUES ('57566', '1', null, 'starter', 'jiaopeng', null, '57564', null);
INSERT INTO `act_ru_identitylink` VALUES ('57570', '1', null, 'candidate', 'jiaopeng', '57569', null, null);
INSERT INTO `act_ru_identitylink` VALUES ('57573', '1', null, 'starter', 'panxiaoyue', null, '57571', null);
INSERT INTO `act_ru_identitylink` VALUES ('57577', '1', null, 'candidate', 'jiaopeng', '57576', null, null);
INSERT INTO `act_ru_identitylink` VALUES ('57578', '1', null, 'participant', 'jiaopeng', null, '57571', null);
INSERT INTO `act_ru_identitylink` VALUES ('60007', '1', null, 'starter', 'admin', null, '60005', null);
INSERT INTO `act_ru_identitylink` VALUES ('60012', '1', null, 'candidate', 'jiaopeng', '60011', null, null);
INSERT INTO `act_ru_identitylink` VALUES ('60013', '1', null, 'participant', 'jiaopeng', null, '60005', null);
INSERT INTO `act_ru_identitylink` VALUES ('60014', '1', null, 'candidate', 'panxiaoyue', '60011', null, null);
INSERT INTO `act_ru_identitylink` VALUES ('60015', '1', null, 'participant', 'panxiaoyue', null, '60005', null);
INSERT INTO `act_ru_identitylink` VALUES ('62503', '1', null, 'starter', 'admin', null, '62501', null);
INSERT INTO `act_ru_identitylink` VALUES ('62508', '1', null, 'candidate', 'jiaopeng', '62507', null, null);
INSERT INTO `act_ru_identitylink` VALUES ('62509', '1', null, 'participant', 'jiaopeng', null, '62501', null);
INSERT INTO `act_ru_identitylink` VALUES ('62510', '1', null, 'candidate', 'panxiaoyue', '62507', null, null);
INSERT INTO `act_ru_identitylink` VALUES ('62511', '1', null, 'participant', 'panxiaoyue', null, '62501', null);
INSERT INTO `act_ru_identitylink` VALUES ('62514', '1', null, 'starter', 'panxiaoyue', null, '62512', null);
INSERT INTO `act_ru_identitylink` VALUES ('62519', '1', null, 'candidate', 'jiaopeng', '62518', null, null);
INSERT INTO `act_ru_identitylink` VALUES ('62520', '1', null, 'participant', 'jiaopeng', null, '62512', null);
INSERT INTO `act_ru_identitylink` VALUES ('62521', '1', null, 'candidate', 'panxiaoyue', '62518', null, null);
INSERT INTO `act_ru_identitylink` VALUES ('65003', '1', null, 'starter', 'admin', null, '65001', null);
INSERT INTO `act_ru_identitylink` VALUES ('65008', '1', null, 'candidate', 'jiaopeng', '65007', null, null);
INSERT INTO `act_ru_identitylink` VALUES ('65009', '1', null, 'participant', 'jiaopeng', null, '65001', null);
INSERT INTO `act_ru_identitylink` VALUES ('65010', '1', null, 'candidate', 'panxiaoyue', '65007', null, null);
INSERT INTO `act_ru_identitylink` VALUES ('65011', '1', null, 'participant', 'panxiaoyue', null, '65001', null);
INSERT INTO `act_ru_identitylink` VALUES ('65012', '1', null, 'candidate', 'test', '65007', null, null);
INSERT INTO `act_ru_identitylink` VALUES ('65013', '1', null, 'participant', 'test', null, '65001', null);
INSERT INTO `act_ru_identitylink` VALUES ('70003', '1', null, 'starter', 'admin', null, '70001', null);
INSERT INTO `act_ru_identitylink` VALUES ('70009', '1', 'ordinary', 'candidate', null, '70008', null, null);
INSERT INTO `act_ru_identitylink` VALUES ('70010', '1', null, 'candidate', '', '70008', null, null);
INSERT INTO `act_ru_identitylink` VALUES ('70011', '1', null, 'participant', '', null, '70001', null);
INSERT INTO `act_ru_identitylink` VALUES ('70014', '1', null, 'starter', 'admin', null, '70012', null);
INSERT INTO `act_ru_identitylink` VALUES ('70020', '1', 'ordinary', 'candidate', null, '70019', null, null);
INSERT INTO `act_ru_identitylink` VALUES ('70021', '1', null, 'candidate', '', '70019', null, null);
INSERT INTO `act_ru_identitylink` VALUES ('70022', '1', null, 'participant', '', null, '70012', null);

-- ----------------------------
-- Table structure for act_ru_job
-- ----------------------------
DROP TABLE IF EXISTS `act_ru_job`;
CREATE TABLE `act_ru_job` (
  `ID_` varchar(64) COLLATE utf8_bin NOT NULL,
  `REV_` int(11) DEFAULT NULL,
  `TYPE_` varchar(255) COLLATE utf8_bin NOT NULL,
  `LOCK_EXP_TIME_` timestamp(3) NULL DEFAULT NULL,
  `LOCK_OWNER_` varchar(255) COLLATE utf8_bin DEFAULT NULL,
  `EXCLUSIVE_` tinyint(1) DEFAULT NULL,
  `EXECUTION_ID_` varchar(64) COLLATE utf8_bin DEFAULT NULL,
  `PROCESS_INSTANCE_ID_` varchar(64) COLLATE utf8_bin DEFAULT NULL,
  `PROC_DEF_ID_` varchar(64) COLLATE utf8_bin DEFAULT NULL,
  `RETRIES_` int(11) DEFAULT NULL,
  `EXCEPTION_STACK_ID_` varchar(64) COLLATE utf8_bin DEFAULT NULL,
  `EXCEPTION_MSG_` varchar(4000) COLLATE utf8_bin DEFAULT NULL,
  `DUEDATE_` timestamp(3) NULL DEFAULT NULL,
  `REPEAT_` varchar(255) COLLATE utf8_bin DEFAULT NULL,
  `HANDLER_TYPE_` varchar(255) COLLATE utf8_bin DEFAULT NULL,
  `HANDLER_CFG_` varchar(4000) COLLATE utf8_bin DEFAULT NULL,
  `TENANT_ID_` varchar(255) COLLATE utf8_bin DEFAULT '',
  PRIMARY KEY (`ID_`),
  KEY `ACT_FK_JOB_EXCEPTION` (`EXCEPTION_STACK_ID_`),
  CONSTRAINT `ACT_FK_JOB_EXCEPTION` FOREIGN KEY (`EXCEPTION_STACK_ID_`) REFERENCES `act_ge_bytearray` (`ID_`)
) ENGINE=InnoDB DEFAULT CHARSET=utf8 COLLATE=utf8_bin;

-- ----------------------------
-- Records of act_ru_job
-- ----------------------------

-- ----------------------------
-- Table structure for act_ru_task
-- ----------------------------
DROP TABLE IF EXISTS `act_ru_task`;
CREATE TABLE `act_ru_task` (
  `ID_` varchar(64) COLLATE utf8_bin NOT NULL,
  `REV_` int(11) DEFAULT NULL,
  `EXECUTION_ID_` varchar(64) COLLATE utf8_bin DEFAULT NULL,
  `PROC_INST_ID_` varchar(64) COLLATE utf8_bin DEFAULT NULL,
  `PROC_DEF_ID_` varchar(64) COLLATE utf8_bin DEFAULT NULL,
  `NAME_` varchar(255) COLLATE utf8_bin DEFAULT NULL,
  `PARENT_TASK_ID_` varchar(64) COLLATE utf8_bin DEFAULT NULL,
  `DESCRIPTION_` varchar(4000) COLLATE utf8_bin DEFAULT NULL,
  `TASK_DEF_KEY_` varchar(255) COLLATE utf8_bin DEFAULT NULL,
  `OWNER_` varchar(255) COLLATE utf8_bin DEFAULT NULL,
  `ASSIGNEE_` varchar(255) COLLATE utf8_bin DEFAULT NULL,
  `DELEGATION_` varchar(64) COLLATE utf8_bin DEFAULT NULL,
  `PRIORITY_` int(11) DEFAULT NULL,
  `CREATE_TIME_` timestamp(3) NULL DEFAULT NULL,
  `DUE_DATE_` datetime(3) DEFAULT NULL,
  `CATEGORY_` varchar(255) COLLATE utf8_bin DEFAULT NULL,
  `SUSPENSION_STATE_` int(11) DEFAULT NULL,
  `TENANT_ID_` varchar(255) COLLATE utf8_bin DEFAULT '',
  `FORM_KEY_` varchar(255) COLLATE utf8_bin DEFAULT NULL,
  PRIMARY KEY (`ID_`),
  KEY `ACT_IDX_TASK_CREATE` (`CREATE_TIME_`),
  KEY `ACT_FK_TASK_EXE` (`EXECUTION_ID_`),
  KEY `ACT_FK_TASK_PROCINST` (`PROC_INST_ID_`),
  KEY `ACT_FK_TASK_PROCDEF` (`PROC_DEF_ID_`),
  CONSTRAINT `ACT_FK_TASK_EXE` FOREIGN KEY (`EXECUTION_ID_`) REFERENCES `act_ru_execution` (`ID_`),
  CONSTRAINT `ACT_FK_TASK_PROCDEF` FOREIGN KEY (`PROC_DEF_ID_`) REFERENCES `act_re_procdef` (`ID_`),
  CONSTRAINT `ACT_FK_TASK_PROCINST` FOREIGN KEY (`PROC_INST_ID_`) REFERENCES `act_ru_execution` (`ID_`)
) ENGINE=InnoDB DEFAULT CHARSET=utf8 COLLATE=utf8_bin;

-- ----------------------------
-- Records of act_ru_task
-- ----------------------------
INSERT INTO `act_ru_task` VALUES ('55006', '1', '55001', '55001', 'leave:5:50004', '', null, null, 'leaderAudit', null, null, null, '50', '2018-12-25 16:24:51.380', null, null, '1', '', null);
INSERT INTO `act_ru_task` VALUES ('57506', '1', '57501', '57501', 'leave:5:50004', '', null, null, 'leaderAudit', null, null, null, '50', '2018-12-25 17:18:45.393', null, null, '1', '', null);
INSERT INTO `act_ru_task` VALUES ('57513', '1', '57508', '57508', 'leave:5:50004', '', null, null, 'leaderAudit', null, null, null, '50', '2018-12-25 17:19:02.256', null, null, '1', '', null);
INSERT INTO `act_ru_task` VALUES ('57520', '1', '57515', '57515', 'leave:5:50004', '', null, null, 'leaderAudit', null, null, null, '50', '2018-12-25 17:19:18.832', null, null, '1', '', null);
INSERT INTO `act_ru_task` VALUES ('57527', '1', '57522', '57522', 'leave:5:50004', '', null, null, 'leaderAudit', null, null, null, '50', '2018-12-25 17:19:33.929', null, null, '1', '', null);
INSERT INTO `act_ru_task` VALUES ('57534', '1', '57529', '57529', 'leave:5:50004', '', null, null, 'leaderAudit', null, null, null, '50', '2018-12-25 17:19:44.750', null, null, '1', '', null);
INSERT INTO `act_ru_task` VALUES ('57541', '1', '57536', '57536', 'leave:5:50004', '', null, null, 'leaderAudit', null, null, null, '50', '2018-12-25 17:21:01.462', null, null, '1', '', null);
INSERT INTO `act_ru_task` VALUES ('57548', '1', '57543', '57543', 'leave:5:50004', '', null, null, 'leaderAudit', null, null, null, '50', '2018-12-25 17:21:08.131', null, null, '1', '', null);
INSERT INTO `act_ru_task` VALUES ('57555', '1', '57550', '57550', 'leave:5:50004', '', null, null, 'leaderAudit', null, null, null, '50', '2018-12-25 17:21:14.126', null, null, '1', '', null);
INSERT INTO `act_ru_task` VALUES ('57562', '1', '57557', '57557', 'leave:5:50004', '', null, null, 'leaderAudit', null, null, null, '50', '2018-12-25 17:21:19.698', null, null, '1', '', null);
INSERT INTO `act_ru_task` VALUES ('57569', '1', '57564', '57564', 'leave:5:50004', '', null, null, 'leaderAudit', null, null, null, '50', '2018-12-25 17:21:26.383', null, null, '1', '', null);
INSERT INTO `act_ru_task` VALUES ('57576', '1', '57571', '57571', 'leave:5:50004', '', null, null, 'leaderAudit', null, null, null, '50', '2018-12-25 17:22:02.414', null, null, '1', '', null);
INSERT INTO `act_ru_task` VALUES ('60011', '1', '60005', '60005', 'leave:6:60004', '', null, null, 'leaderAudit', null, null, null, '50', '2018-12-29 14:14:32.861', null, null, '1', '', null);
INSERT INTO `act_ru_task` VALUES ('62507', '1', '62501', '62501', 'leave:6:60004', '', null, null, 'leaderAudit', null, null, null, '50', '2018-12-29 16:14:16.194', null, null, '1', '', null);
INSERT INTO `act_ru_task` VALUES ('62518', '1', '62512', '62512', 'leave:6:60004', '', null, null, 'leaderAudit', null, null, null, '50', '2018-12-29 16:16:53.479', null, null, '1', '', null);
INSERT INTO `act_ru_task` VALUES ('65007', '1', '65001', '65001', 'leave:6:60004', '', null, null, 'leaderAudit', null, null, null, '50', '2018-12-29 16:21:20.699', null, null, '1', '', null);
INSERT INTO `act_ru_task` VALUES ('70008', '1', '70001', '70001', 'leave:7:67504', '', null, null, 'leaderAudit', null, null, null, '50', '2018-12-29 16:31:18.289', null, null, '1', '', null);
INSERT INTO `act_ru_task` VALUES ('70019', '1', '70012', '70012', 'leave:7:67504', '', null, null, 'leaderAudit', null, null, null, '50', '2018-12-29 16:32:29.714', null, null, '1', '', null);

-- ----------------------------
-- Table structure for act_ru_variable
-- ----------------------------
DROP TABLE IF EXISTS `act_ru_variable`;
CREATE TABLE `act_ru_variable` (
  `ID_` varchar(64) COLLATE utf8_bin NOT NULL,
  `REV_` int(11) DEFAULT NULL,
  `TYPE_` varchar(255) COLLATE utf8_bin NOT NULL,
  `NAME_` varchar(255) COLLATE utf8_bin NOT NULL,
  `EXECUTION_ID_` varchar(64) COLLATE utf8_bin DEFAULT NULL,
  `PROC_INST_ID_` varchar(64) COLLATE utf8_bin DEFAULT NULL,
  `TASK_ID_` varchar(64) COLLATE utf8_bin DEFAULT NULL,
  `BYTEARRAY_ID_` varchar(64) COLLATE utf8_bin DEFAULT NULL,
  `DOUBLE_` double DEFAULT NULL,
  `LONG_` bigint(20) DEFAULT NULL,
  `TEXT_` varchar(4000) COLLATE utf8_bin DEFAULT NULL,
  `TEXT2_` varchar(4000) COLLATE utf8_bin DEFAULT NULL,
  PRIMARY KEY (`ID_`),
  KEY `ACT_IDX_VARIABLE_TASK_ID` (`TASK_ID_`),
  KEY `ACT_FK_VAR_EXE` (`EXECUTION_ID_`),
  KEY `ACT_FK_VAR_PROCINST` (`PROC_INST_ID_`),
  KEY `ACT_FK_VAR_BYTEARRAY` (`BYTEARRAY_ID_`),
  CONSTRAINT `ACT_FK_VAR_BYTEARRAY` FOREIGN KEY (`BYTEARRAY_ID_`) REFERENCES `act_ge_bytearray` (`ID_`),
  CONSTRAINT `ACT_FK_VAR_EXE` FOREIGN KEY (`EXECUTION_ID_`) REFERENCES `act_ru_execution` (`ID_`),
  CONSTRAINT `ACT_FK_VAR_PROCINST` FOREIGN KEY (`PROC_INST_ID_`) REFERENCES `act_ru_execution` (`ID_`)
) ENGINE=InnoDB DEFAULT CHARSET=utf8 COLLATE=utf8_bin;

-- ----------------------------
-- Records of act_ru_variable
-- ----------------------------
INSERT INTO `act_ru_variable` VALUES ('55002', '1', 'string', 'startUserId', '55001', '55001', null, null, null, null, 'jiaopeng', null);
INSERT INTO `act_ru_variable` VALUES ('57502', '1', 'string', 'startUserId', '57501', '57501', null, null, null, null, 'jiaopeng', null);
INSERT INTO `act_ru_variable` VALUES ('57509', '1', 'string', 'startUserId', '57508', '57508', null, null, null, null, 'jiaopeng', null);
INSERT INTO `act_ru_variable` VALUES ('57516', '1', 'string', 'startUserId', '57515', '57515', null, null, null, null, 'jiaopeng', null);
INSERT INTO `act_ru_variable` VALUES ('57523', '1', 'string', 'startUserId', '57522', '57522', null, null, null, null, 'jiaopeng', null);
INSERT INTO `act_ru_variable` VALUES ('57530', '1', 'string', 'startUserId', '57529', '57529', null, null, null, null, 'jiaopeng', null);
INSERT INTO `act_ru_variable` VALUES ('57537', '1', 'string', 'startUserId', '57536', '57536', null, null, null, null, 'jiaopeng', null);
INSERT INTO `act_ru_variable` VALUES ('57544', '1', 'string', 'startUserId', '57543', '57543', null, null, null, null, 'jiaopeng', null);
INSERT INTO `act_ru_variable` VALUES ('57551', '1', 'string', 'startUserId', '57550', '57550', null, null, null, null, 'jiaopeng', null);
INSERT INTO `act_ru_variable` VALUES ('57558', '1', 'string', 'startUserId', '57557', '57557', null, null, null, null, 'jiaopeng', null);
INSERT INTO `act_ru_variable` VALUES ('57565', '1', 'string', 'startUserId', '57564', '57564', null, null, null, null, 'jiaopeng', null);
INSERT INTO `act_ru_variable` VALUES ('57572', '1', 'string', 'startUserId', '57571', '57571', null, null, null, null, 'panxiaoyue', null);
INSERT INTO `act_ru_variable` VALUES ('60006', '1', 'string', 'startUserId', '60005', '60005', null, null, null, null, 'admin', null);
INSERT INTO `act_ru_variable` VALUES ('60009', '1', 'string', 'userId', '60005', '60005', null, null, null, null, 'jiaopeng,panxiaoyue', null);
INSERT INTO `act_ru_variable` VALUES ('62502', '1', 'string', 'startUserId', '62501', '62501', null, null, null, null, 'admin', null);
INSERT INTO `act_ru_variable` VALUES ('62505', '1', 'string', 'userId', '62501', '62501', null, null, null, null, 'jiaopeng,panxiaoyue', null);
INSERT INTO `act_ru_variable` VALUES ('62513', '1', 'string', 'startUserId', '62512', '62512', null, null, null, null, 'panxiaoyue', null);
INSERT INTO `act_ru_variable` VALUES ('62516', '1', 'string', 'userId', '62512', '62512', null, null, null, null, 'jiaopeng,panxiaoyue', null);
INSERT INTO `act_ru_variable` VALUES ('65002', '1', 'string', 'startUserId', '65001', '65001', null, null, null, null, 'admin', null);
INSERT INTO `act_ru_variable` VALUES ('65005', '1', 'string', 'userId', '65001', '65001', null, null, null, null, 'jiaopeng,panxiaoyue,test', null);
INSERT INTO `act_ru_variable` VALUES ('70002', '1', 'string', 'startUserId', '70001', '70001', null, null, null, null, 'admin', null);
INSERT INTO `act_ru_variable` VALUES ('70005', '1', 'string', 'roles', '70001', '70001', null, null, null, null, 'ordinary', null);
INSERT INTO `act_ru_variable` VALUES ('70006', '1', 'string', 'userId', '70001', '70001', null, null, null, null, '', null);
INSERT INTO `act_ru_variable` VALUES ('70013', '1', 'string', 'startUserId', '70012', '70012', null, null, null, null, 'admin', null);
INSERT INTO `act_ru_variable` VALUES ('70016', '1', 'string', 'roles', '70012', '70012', null, null, null, null, 'ordinary', null);
INSERT INTO `act_ru_variable` VALUES ('70017', '1', 'string', 'userId', '70012', '70012', null, null, null, null, '', null);

-- ----------------------------
-- Table structure for permiss
-- ----------------------------
DROP TABLE IF EXISTS `permiss`;
CREATE TABLE `permiss` (
  `id` varchar(32) NOT NULL COMMENT '',
  `permiss_name` varchar(255) DEFAULT NULL COMMENT '',
  PRIMARY KEY (`id`)
) ENGINE=InnoDB DEFAULT CHARSET=utf8;

-- ----------------------------
-- Records of permiss
-- ----------------------------
INSERT INTO `permiss` VALUES ('1', 'add');
INSERT INTO `permiss` VALUES ('2', 'delete');
INSERT INTO `permiss` VALUES ('3', 'edit');
INSERT INTO `permiss` VALUES ('4', 'view');

-- ----------------------------
-- Table structure for relevance_role_permiss
-- ----------------------------
DROP TABLE IF EXISTS `relevance_role_permiss`;
CREATE TABLE `relevance_role_permiss` (
  `id` varchar(32) NOT NULL,
  `roleid` varchar(32) DEFAULT NULL COMMENT 'id',
  `permissid` varchar(32) DEFAULT NULL COMMENT 'id',
  PRIMARY KEY (`id`)
) ENGINE=InnoDB DEFAULT CHARSET=utf8;

-- ----------------------------
-- Records of relevance_role_permiss
-- ----------------------------
INSERT INTO `relevance_role_permiss` VALUES ('1', '1', '1');
INSERT INTO `relevance_role_permiss` VALUES ('2', '1', '2');
INSERT INTO `relevance_role_permiss` VALUES ('3', '1', '3');
INSERT INTO `relevance_role_permiss` VALUES ('4', '1', '4');
INSERT INTO `relevance_role_permiss` VALUES ('5', '2', '1');
INSERT INTO `relevance_role_permiss` VALUES ('6', '2', '2');
INSERT INTO `relevance_role_permiss` VALUES ('7', '2', '3');
INSERT INTO `relevance_role_permiss` VALUES ('8', '2', '4');

-- ----------------------------
-- Table structure for relevance_user_role
-- ----------------------------
DROP TABLE IF EXISTS `relevance_user_role`;
CREATE TABLE `relevance_user_role` (
  `id` varchar(32) NOT NULL,
  `userid` varchar(32) DEFAULT NULL COMMENT 'id',
  `roleid` varchar(32) DEFAULT NULL COMMENT 'id',
  PRIMARY KEY (`id`)
) ENGINE=InnoDB DEFAULT CHARSET=utf8;

-- ----------------------------
-- Records of relevance_user_role
-- ----------------------------
INSERT INTO `relevance_user_role` VALUES ('1', 'admin', 'admin');
INSERT INTO `relevance_user_role` VALUES ('2', 'admin', 'ordinary');
INSERT INTO `relevance_user_role` VALUES ('3', 'jiaopeng', 'ordinary');
INSERT INTO `relevance_user_role` VALUES ('4', 'panxiaoyue', 'ordinary');

-- ----------------------------
-- Table structure for role
-- ----------------------------
DROP TABLE IF EXISTS `role`;
CREATE TABLE `role` (
  `role_id` varchar(32) NOT NULL,
  `role_name` varchar(255) DEFAULT NULL COMMENT '',
  `role_remark` varchar(255) DEFAULT NULL COMMENT '',
  `create_time` datetime DEFAULT NULL COMMENT '',
  PRIMARY KEY (`role_id`)
) ENGINE=InnoDB DEFAULT CHARSET=utf8;

-- ----------------------------
-- Records of role
-- ----------------------------
INSERT INTO `role` VALUES ('1', 'admin', '', '2018-10-30 17:05:39');
INSERT INTO `role` VALUES ('2', 'ordinary', '', '2018-10-30 17:07:03');

-- ----------------------------
-- Table structure for test
-- ----------------------------
DROP TABLE IF EXISTS `test`;
CREATE TABLE `test` (
  `id` varchar(32) NOT NULL,
  `name` varchar(255) DEFAULT NULL,
  `age` int(11) DEFAULT NULL,
  PRIMARY KEY (`id`)
) ENGINE=InnoDB DEFAULT CHARSET=utf8;

-- ----------------------------
-- Records of test
-- ----------------------------
INSERT INTO `test` VALUES ('1', 'JiaoPeng', '16');
INSERT INTO `test` VALUES ('2', 'PanYue', '16');
INSERT INTO `test` VALUES ('3', '', '18');

-- ----------------------------
-- Table structure for t_jps_leave
-- ----------------------------
DROP TABLE IF EXISTS `t_jps_leave`;
CREATE TABLE `t_jps_leave` (
  `ID` varchar(32) NOT NULL,
  `PROCESS_INSTANCE_ID` varchar(64) DEFAULT NULL,
  `USER_ID` varchar(32) DEFAULT NULL,
  `START_TIME` datetime DEFAULT NULL,
  `END_TIME` datetime DEFAULT NULL,
  `LEAVE_TYPE` varchar(8) DEFAULT NULL,
  `REASON` varchar(255) DEFAULT NULL,
  `APPLY_TIME` datetime DEFAULT NULL,
  `REALITY_START_TIME` datetime DEFAULT NULL,
  `REALITY_END_TIME` datetime DEFAULT NULL,
  PRIMARY KEY (`ID`)
) ENGINE=InnoDB DEFAULT CHARSET=utf8 ROW_FORMAT=DYNAMIC;

-- ----------------------------
-- Records of t_jps_leave
-- ----------------------------
INSERT INTO `t_jps_leave` VALUES ('04b2bae41f5a4131ae18d82fafba38a9', '57557', 'jiaopeng', '2018-12-25 17:21:17', '2018-12-25 17:21:18', null, '4', '2018-12-25 17:21:19', null, null);
INSERT INTO `t_jps_leave` VALUES ('1da9854daa2144fea35aab52a8c859f0', '57550', 'jiaopeng', '2018-12-25 17:21:11', '2018-12-25 17:21:13', null, '3', '2018-12-25 17:21:14', null, null);
INSERT INTO `t_jps_leave` VALUES ('41a7b0d4d2dc43d89a9ad071fea4f285', '57501', 'jiaopeng', '2018-06-05 09:10:51', '2018-12-25 17:18:41', null, 'aaaa', '2018-12-25 17:18:45', null, null);
INSERT INTO `t_jps_leave` VALUES ('4ba83adfcb83474f81554fd4441b8fc7', '57571', 'panxiaoyue', '2018-12-25 17:21:59', '2018-12-25 17:22:00', null, 'd', '2018-12-25 17:22:02', null, null);
INSERT INTO `t_jps_leave` VALUES ('567fed92a4e546b082e6f9c8e59cee31', '57543', 'jiaopeng', '2018-12-25 17:21:05', '2018-12-25 17:21:06', null, '2', '2018-12-25 17:21:08', null, null);
INSERT INTO `t_jps_leave` VALUES ('59b58cd6e9234bd4bc07d497e74fbc6f', '57529', 'jiaopeng', '2018-12-11 00:00:00', '2018-12-20 00:00:00', null, 'c', '2018-12-25 17:19:44', null, null);
INSERT INTO `t_jps_leave` VALUES ('60de4d9eb8b04277859575d6c8339443', '57564', 'jiaopeng', '2018-12-25 17:21:23', '2018-12-25 17:21:25', null, '5', '2018-12-25 17:21:26', null, null);
INSERT INTO `t_jps_leave` VALUES ('6680f30be5be44f29f157d2153689e40', '60005', 'admin', '2018-12-29 14:14:24', '2018-12-29 14:14:26', null, 'asdzxc', '2018-12-29 14:14:33', null, null);
INSERT INTO `t_jps_leave` VALUES ('6e1fc9d9316a4710a1e7e467f7657cab', '57522', 'jiaopeng', '2018-12-25 17:19:29', '2018-12-25 17:19:31', null, 'ss', '2018-12-25 17:19:33', null, null);
INSERT INTO `t_jps_leave` VALUES ('70fb1f94dee146ada78cb6f6b1b5c175', '62501', 'admin', '2018-12-29 16:14:07', '2018-12-29 16:14:09', null, 'test method', '2018-12-29 16:14:16', null, null);
INSERT INTO `t_jps_leave` VALUES ('7cb80ec0a6c3494982d7f4d3e9434e3a', '57508', 'jiaopeng', '2018-06-05 09:10:51', '2018-12-25 17:18:59', null, 'ss', '2018-12-25 17:19:02', null, null);
INSERT INTO `t_jps_leave` VALUES ('7ccf11cd42d546b49131c360bd6039c0', '57515', 'jiaopeng', '2018-12-25 17:19:15', '2018-12-25 17:19:17', null, 'qqqq', '2018-12-25 17:19:18', null, null);
INSERT INTO `t_jps_leave` VALUES ('97b53b58a6764be78c0d6959df0e56d1', '65001', 'admin', '2018-12-29 16:21:13', '2018-12-29 16:21:14', null, 'test1229002', '2018-12-29 16:21:20', null, null);
INSERT INTO `t_jps_leave` VALUES ('9cf4bf11fbc64e3cbbaabf972cdd5a94', '62512', 'panxiaoyue', '2018-12-29 16:16:25', '2018-12-29 16:16:27', null, 'test1229001', '2018-12-29 16:16:53', null, null);
INSERT INTO `t_jps_leave` VALUES ('c1b9f0db25f84fd7938790f51e6a428c', '70001', 'admin', '2018-12-29 16:31:07', '2018-12-29 16:31:09', null, 'test roles001', '2018-12-29 16:31:18', null, null);
INSERT INTO `t_jps_leave` VALUES ('d9167bff4dba489494756d3deb8200d6', '70012', 'admin', '2018-12-29 16:32:22', '2018-12-29 16:32:23', null, 'test roles002', '2018-12-29 16:32:29', null, null);
INSERT INTO `t_jps_leave` VALUES ('e95cf6e446bc4a1cb58ce77bf66120e1', '55001', 'jiaopeng', '2018-12-25 16:24:32', '2018-12-25 16:24:34', null, 'go home!', '2018-12-25 16:24:59', null, null);
INSERT INTO `t_jps_leave` VALUES ('f85f8a59aec44db982d5d8ba0020ba29', '57536', 'jiaopeng', '2018-12-25 17:20:57', '2018-12-25 17:20:59', null, '1', '2018-12-25 17:21:01', null, null);

-- ----------------------------
-- Table structure for user
-- ----------------------------
DROP TABLE IF EXISTS `user`;
CREATE TABLE `user` (
  `user_id` varchar(32) NOT NULL COMMENT 'userid',
  `user_name` varchar(255) NOT NULL COMMENT '',
  `pass_word` varchar(255) NOT NULL COMMENT '',
  `phone` varchar(255) DEFAULT NULL COMMENT '',
  `email` varchar(255) DEFAULT NULL COMMENT '',
  `address` varchar(255) DEFAULT NULL COMMENT '',
  `sex` varchar(1) DEFAULT NULL COMMENT '',
  `age` int(8) DEFAULT NULL COMMENT '',
  `status` varchar(2) DEFAULT '0' COMMENT '01',
  `locked_time` datetime DEFAULT NULL COMMENT '',
  `create_time` datetime DEFAULT NULL COMMENT '',
  PRIMARY KEY (`user_id`)
) ENGINE=InnoDB DEFAULT CHARSET=utf8;

-- ----------------------------
-- Records of user
-- ----------------------------
INSERT INTO `user` VALUES ('1', 'admin', '1', '17605413833', '931642903@qq.com', '', '1', '26', '0', null, '2018-10-26 15:34:18');
INSERT INTO `user` VALUES ('2', 'jiaopeng', '1', '17605413833', '931642903@qq.com', '', '1', '26', '0', null, '2018-10-30 17:21:32');
INSERT INTO `user` VALUES ('3', 'panxiaoyue', '1', '17605413833', '931642903@qq.com', '', '0', '26', '0', null, '2018-12-24 16:56:50');
